activity_id,organization_id
446db0d4-4b70-4286-866a-ba016474b6b7,362e7c80-2e93-4092-ae26-0b8efc6cba84
446db0d4-4b70-4286-866a-ba016474b6b7,96f1c545-5355-4e8d-b023-1add70a91624
446db0d4-4b70-4286-866a-ba016474b6b7,fdd99fa1-092f-4beb-a2e8-cc6579bcda3c
446db0d4-4b70-4286-866a-ba016474b6b7,15c8dc3e-6538-4f35-b8d6-c5b4adbb766f
446db0d4-4b70-4286-866a-ba016474b6b7,2b9df669-e091-4792-ae8e-c89726a2f2d7
446db0d4-4b70-4286-866a-ba016474b6b7,5b9cc271-9fde-4715-b714-92685bcc692c
446db0d4-4b70-4286-866a-ba016474b6b7,178e9d80-c74c-49fb-a4c0-5a07b4bf7676
446db0d4-4b70-4286-866a-ba016474b6b7,505a7d30-9dfa-4e2c-822c-06230d0a9c36
446db0d4-4b70-4286-866a-ba016474b6b7,8d35523e-805b-434a-9402-02a1a214383e
446db0d4-4b70-4286-866a-ba016474b6b7,28caedb2-1e3a-48e7-b2d8-58ce02387beb
446db0d4-4b70-4286-866a-ba016474b6b7,634aa09a-32c5-487b-881a-076f49ecc448
446db0d4-4b70-4286-866a-ba016474b6b7,7bacfb7a-330f-4145-af37-8fad0e864fb9
446db0d4-4b70-4286-866a-ba016474b6b7,8c43cdd2-8d42-4196-a6b3-33b32ad8fd08
446db0d4-4b70-4286-866a-ba016474b6b7,5d0e2558-8287-4e74-b390-f9627533cac8
446db0d4-4b70-4286-866a-ba016474b6b7,5809aab0-b9d3-49b6-8ede-056502f66106
446db0d4-4b70-4286-866a-ba016474b6b7,b801b052-1559-4cb8-8f25-93db9aa06b4e
446db0d4-4b70-4286-866a-ba016474b6b7,f3fb3df9-040b-426a-b9c6-ad3d7f71c0c9
446db0d4-4b70-4286-866a-ba016474b6b7,ca1f198d-013c-4d2c-8652-1959f1506c57
446db0d4-4b70-4286-866a-ba016474b6b7,d48d1469-3e8e-423e-818e-6d053586be37
446db0d4-4b70-4286-866a-ba016474b6b7,0cf9ed79-0bba-4a02-be01-62c7e04bdc91
446db0d4-4b70-4286-866a-ba016474b6b7,470e5b9f-e7c2-4b32-965d-c8ba158c950f
446db0d4-4b70-4286-866a-ba016474b6b7,649edce3-7819-48b5-8733-8ed796b79692
446db0d4-4b70-4286-866a-ba016474b6b7,26ddb27b-343c-474a-ace6-bec4d698d548
446db0d4-4b70-4286-866a-ba016474b6b7,12e7eca7-2df7-410c-9533-523331f4033a
446db0d4-4b70-4286-866a-ba016474b6b7,d9fdbf71-dc8a-415d-92bf-bed04b6c7770
446db0d4-4b70-4286-866a-ba016474b6b7,4c20a051-250f-4727-8034-bad18df3c379
446db0d4-4b70-4286-866a-ba016474b6b7,456568df-9c83-4b39-98ef-f550ea02b90c
446db0d4-4b70-4286-866a-ba016474b6b7,0dc2f8cf-043b-42b6-ba6f-96b79396ed3a
446db0d4-4b70-4286-866a-ba016474b6b7,c7426d4a-a40e-4818-930c-020452506629
446db0d4-4b70-4286-866a-ba016474b6b7,e4922d9d-fa14-41d9-bb4a-a6fac02742fa
446db0d4-4b70-4286-866a-ba016474b6b7,ab4e44b0-ec14-4904-b1df-7960ab0b42f6
446db0d4-4b70-4286-866a-ba016474b6b7,6c27aecb-5ff5-4006-870e-b6fe1b963153
446db0d4-4b70-4286-866a-ba016474b6b7,b892f7d9-eddb-4331-9773-94d7c276f4b4
446db0d4-4b70-4286-866a-ba016474b6b7,2679eb11-905c-4058-a245-98b4df116838
446db0d4-4b70-4286-866a-ba016474b6b7,9d62baa4-d3fd-434d-8796-41960666f294
446db0d4-4b70-4286-866a-ba016474b6b7,73bccc54-2fae-4b84-9371-5c13fd8c0276
446db0d4-4b70-4286-866a-ba016474b6b7,4c98efe5-0bab-49a8-a84e-87c30c03a72c
446db0d4-4b70-4286-866a-ba016474b6b7,96d4f931-e120-4862-aff2-1134c862338c
446db0d4-4b70-4286-866a-ba016474b6b7,9509efcb-6a3a-44ff-b189-cf97076d518a
446db0d4-4b70-4286-866a-ba016474b6b7,30f79d1e-e0b3-4227-a8df-4e558dc30ad3
446db0d4-4b70-4286-866a-ba016474b6b7,e380c340-2b1b-40b0-ba4e-f8c8de5c0339
446db0d4-4b70-4286-866a-ba016474b6b7,e89c52f5-54fc-4341-b22e-991431a1c1c8
446db0d4-4b70-4286-866a-ba016474b6b7,b46efda1-baf7-4e3c-9c6d-f02e4bb62655
446db0d4-4b70-4286-866a-ba016474b6b7,1a40c533-d594-4658-86df-cfb632a1face
446db0d4-4b70-4286-866a-ba016474b6b7,1f145c03-d1a8-494c-9c55-42e6cb4574eb
446db0d4-4b70-4286-866a-ba016474b6b7,8c971452-5da0-4794-80ca-638257dc1190
446db0d4-4b70-4286-866a-ba016474b6b7,69bb6a64-c00c-46f1-903e-0941c9c88c7f
446db0d4-4b70-4286-866a-ba016474b6b7,b8183122-87a7-4d2a-88e7-fbeed1dcdcaf
446db0d4-4b70-4286-866a-ba016474b6b7,cc8a05b8-2135-454b-9dcb-ac122dcd1615
446db0d4-4b70-4286-866a-ba016474b6b7,bc09717c-f37d-4783-af8f-40cae0831f2f
446db0d4-4b70-4286-866a-ba016474b6b7,723ab408-5989-4c5b-a325-cc7966f3fe84
446db0d4-4b70-4286-866a-ba016474b6b7,41dd93ef-cf7e-46ea-a120-bae5dd39b759
446db0d4-4b70-4286-866a-ba016474b6b7,82d7ddec-c34b-41fa-a0b3-56d83dcd8502
446db0d4-4b70-4286-866a-ba016474b6b7,84f59e57-c8df-4838-9e76-a83f78732aa2
446db0d4-4b70-4286-866a-ba016474b6b7,a31ec0db-e03b-4453-8453-e400a6fa425c
446db0d4-4b70-4286-866a-ba016474b6b7,7a5cf05b-5a8b-467e-a9a0-57e564d84ab6
446db0d4-4b70-4286-866a-ba016474b6b7,c4ce7c67-882a-4414-9b9b-3656c03c369b
446db0d4-4b70-4286-866a-ba016474b6b7,3ef4e12c-2fe8-4fd7-819f-22e1cf94fd37
446db0d4-4b70-4286-866a-ba016474b6b7,3e704c0b-572d-4a2b-9f6e-a0bab7c607f0
446db0d4-4b70-4286-866a-ba016474b6b7,1619fa90-7268-4899-9b75-db5dcc7791ce
446db0d4-4b70-4286-866a-ba016474b6b7,f5fad07c-7c85-45b4-bc60-ae976937e33e
446db0d4-4b70-4286-866a-ba016474b6b7,2ba1cfeb-39c4-4ecf-b10a-f20a00927267
446db0d4-4b70-4286-866a-ba016474b6b7,2c6f106c-948d-48f4-8ead-aecc042565e5
446db0d4-4b70-4286-866a-ba016474b6b7,cc8ac139-72a0-4e6b-be96-6532b80e77be
446db0d4-4b70-4286-866a-ba016474b6b7,e650c67e-9c9d-40d0-91d9-52e36d0ac197
446db0d4-4b70-4286-866a-ba016474b6b7,47c0c5dc-4249-41b8-bb43-b64a148d1f53
446db0d4-4b70-4286-866a-ba016474b6b7,f9780c33-65d4-40ef-ab70-d1bc10c7eaf9
446db0d4-4b70-4286-866a-ba016474b6b7,9803a5cf-2bf3-459b-8855-2710658ef7e3
446db0d4-4b70-4286-866a-ba016474b6b7,1075d19c-d0c3-45eb-922a-5c9e180cdd6b
446db0d4-4b70-4286-866a-ba016474b6b7,0b9a2596-62d2-4a76-9f2a-2b8017a7f6f9
446db0d4-4b70-4286-866a-ba016474b6b7,4e91b7b9-b7b0-472a-9e6b-1d8b129d8039
446db0d4-4b70-4286-866a-ba016474b6b7,e5f95b2f-e2e8-4500-bb77-bb9f35e8d912
446db0d4-4b70-4286-866a-ba016474b6b7,577ac502-967b-4108-84f5-ed9fde5644fd
446db0d4-4b70-4286-866a-ba016474b6b7,69b4114c-9191-4e2c-81a8-3f983d968c82
446db0d4-4b70-4286-866a-ba016474b6b7,239e658e-edc1-4b7e-97db-4bb6ab4b18c3
446db0d4-4b70-4286-866a-ba016474b6b7,4412f036-639b-4b40-b8e8-3ca6a37290dd
446db0d4-4b70-4286-866a-ba016474b6b7,66c922c8-4aaa-4dda-a1a4-b4b71fe820c7
446db0d4-4b70-4286-866a-ba016474b6b7,26dff70b-5b43-454c-8e1e-e49b1e94a1c4
f902fa86-5e4e-4d3e-ab42-5607de220ef5,669d5919-6dd6-4d44-8b15-0aca145577b4
f902fa86-5e4e-4d3e-ab42-5607de220ef5,5c6af54e-b518-4c76-8ea4-171e1e2bf3e9
f902fa86-5e4e-4d3e-ab42-5607de220ef5,07a9e6fe-bf05-4c05-9c92-cb7476f0f78f
f902fa86-5e4e-4d3e-ab42-5607de220ef5,c3517f85-30f1-4a64-bc20-b5abd79d1797
f902fa86-5e4e-4d3e-ab42-5607de220ef5,49b11fff-7670-4d6f-a594-a878cc290849
f902fa86-5e4e-4d3e-ab42-5607de220ef5,7e1692fa-6c3d-42a6-ba25-458fd48316c6
f902fa86-5e4e-4d3e-ab42-5607de220ef5,8cf06027-ae73-46b9-932e-5f0841e36d04
f902fa86-5e4e-4d3e-ab42-5607de220ef5,8a122f31-5ad1-4234-928e-f54c07a1bcec
f902fa86-5e4e-4d3e-ab42-5607de220ef5,83c214a9-80e3-4b94-950f-48fd8c0942dc
f902fa86-5e4e-4d3e-ab42-5607de220ef5,8501d206-8205-487e-88c0-5cb27e6f2321
f902fa86-5e4e-4d3e-ab42-5607de220ef5,0d27ab37-4995-4725-b0a9-3dc42b183be4
f902fa86-5e4e-4d3e-ab42-5607de220ef5,aa8b9425-5144-48c1-a844-eb43486afacb
f902fa86-5e4e-4d3e-ab42-5607de220ef5,df4f2d21-72a1-4db0-8298-7106d90be967
f902fa86-5e4e-4d3e-ab42-5607de220ef5,0403e117-11c3-4fc4-b301-54d54d91dbbb
f902fa86-5e4e-4d3e-ab42-5607de220ef5,5c37bd2f-a13d-46c4-8409-875465ba5d4d
f902fa86-5e4e-4d3e-ab42-5607de220ef5,082d13a6-f179-4ff8-b105-4d141debf1ed
f902fa86-5e4e-4d3e-ab42-5607de220ef5,58a346be-e70e-4b5d-9bfc-fd162ef5ae2c
f902fa86-5e4e-4d3e-ab42-5607de220ef5,fbb6c020-3725-4410-ad0d-e91cde7ffb36
f902fa86-5e4e-4d3e-ab42-5607de220ef5,75e4a691-0971-4f73-873f-690ebfad185c
f902fa86-5e4e-4d3e-ab42-5607de220ef5,aa16070f-bf2d-4110-83d4-c0864f201bad
f902fa86-5e4e-4d3e-ab42-5607de220ef5,6edc5ba6-cdb9-4018-9b69-bae117de9268
f902fa86-5e4e-4d3e-ab42-5607de220ef5,f361b782-bb96-4357-860d-f3c178dcdf9c
f902fa86-5e4e-4d3e-ab42-5607de220ef5,65b039d6-2bf5-4734-9273-c0aaab40c9de
f902fa86-5e4e-4d3e-ab42-5607de220ef5,019a4f51-66ff-400b-8425-cb205f506bb7
f902fa86-5e4e-4d3e-ab42-5607de220ef5,ccfaec92-1dce-4cf5-8ac2-697a7d6b2968
f902fa86-5e4e-4d3e-ab42-5607de220ef5,230e17ca-5a43-4566-ae72-1408e022b37f
f902fa86-5e4e-4d3e-ab42-5607de220ef5,b952141c-eb78-431c-a483-9c6e9e0cc874
f902fa86-5e4e-4d3e-ab42-5607de220ef5,89489ea6-d263-457b-859b-02f826da30d3
f902fa86-5e4e-4d3e-ab42-5607de220ef5,725122f2-e56a-4d90-9642-d1d605e6b9b8
f902fa86-5e4e-4d3e-ab42-5607de220ef5,cd5d47fb-a6b4-4166-a246-fc6470591c20
f902fa86-5e4e-4d3e-ab42-5607de220ef5,4e8b0a6c-993b-4d4f-b62d-5ad119930a1e
f902fa86-5e4e-4d3e-ab42-5607de220ef5,e56b5203-2bdf-4524-82a4-33ed3aeaabf9
f902fa86-5e4e-4d3e-ab42-5607de220ef5,09778bc6-2c38-4d1b-b79e-018635ba0389
f902fa86-5e4e-4d3e-ab42-5607de220ef5,a2891dc2-deca-4f47-8a84-98f592c40edd
f902fa86-5e4e-4d3e-ab42-5607de220ef5,92cc90c0-451e-4d04-9df6-f10904e85093
f902fa86-5e4e-4d3e-ab42-5607de220ef5,5aa59a03-062f-4b90-aa1f-11898cb08cd2
f902fa86-5e4e-4d3e-ab42-5607de220ef5,9866e5e6-81b2-4633-af56-d8e97f17362b
f902fa86-5e4e-4d3e-ab42-5607de220ef5,b2aa2e7b-f215-4448-884c-8413cc4dc8ad
f902fa86-5e4e-4d3e-ab42-5607de220ef5,66594ba7-9b25-4bb4-9b7b-e995dfe72dac
f902fa86-5e4e-4d3e-ab42-5607de220ef5,dc490b57-052e-4da0-9795-648a02babde2
f902fa86-5e4e-4d3e-ab42-5607de220ef5,20c2edd4-5b00-4145-84e7-9040ee08ec8a
f902fa86-5e4e-4d3e-ab42-5607de220ef5,457becbb-9c12-4d7f-87f5-57c235a9c1d3
f902fa86-5e4e-4d3e-ab42-5607de220ef5,78ab81a4-ac59-4c59-b146-6bbdef51781c
f902fa86-5e4e-4d3e-ab42-5607de220ef5,db66ee1d-3a3f-4800-8f9b-9ebe4fee9a20
f902fa86-5e4e-4d3e-ab42-5607de220ef5,93e84e4c-c3a6-4707-b8a9-c0fa1583218b
f902fa86-5e4e-4d3e-ab42-5607de220ef5,f9083555-75e0-4b6c-a1ae-738fb49cf170
f902fa86-5e4e-4d3e-ab42-5607de220ef5,d7be79b7-6a07-446d-a096-bf000d6d5dd4
f902fa86-5e4e-4d3e-ab42-5607de220ef5,b16391f4-ddcb-4795-b0a3-f19c9b92575d
f902fa86-5e4e-4d3e-ab42-5607de220ef5,1d6c4dfa-2921-4463-a682-105b00f9d80e
f902fa86-5e4e-4d3e-ab42-5607de220ef5,26570b43-5860-4fe6-ac3c-d2060ff8b2b5
f902fa86-5e4e-4d3e-ab42-5607de220ef5,6e8dad4e-d853-410b-a8e9-2bc7f98b94da
f902fa86-5e4e-4d3e-ab42-5607de220ef5,e4e8e96b-b633-4547-bbd3-7922556986bd
f902fa86-5e4e-4d3e-ab42-5607de220ef5,084d00d5-480b-47c8-8da8-5b0bdf170a81
f902fa86-5e4e-4d3e-ab42-5607de220ef5,08ed16cf-6c03-4303-8c20-b7c25fa4b26a
f902fa86-5e4e-4d3e-ab42-5607de220ef5,e7514446-adea-4b43-9e99-6dcbdfe115d3
f902fa86-5e4e-4d3e-ab42-5607de220ef5,88e92d5f-b277-494a-a3f2-c366c674c7ef
f902fa86-5e4e-4d3e-ab42-5607de220ef5,14c6d96c-697d-4648-9636-367e586e5707
f902fa86-5e4e-4d3e-ab42-5607de220ef5,800a14c5-5842-48ec-a57e-8213e4413dd7
f902fa86-5e4e-4d3e-ab42-5607de220ef5,79b1f354-a7e4-4a90-b224-854a5d425bec
f902fa86-5e4e-4d3e-ab42-5607de220ef5,f7ea1336-a269-47e6-a0f2-a539639274f1
f902fa86-5e4e-4d3e-ab42-5607de220ef5,02ea836c-491f-4333-a699-9e92e52b980b
f902fa86-5e4e-4d3e-ab42-5607de220ef5,81eecaad-5907-4d8e-af96-0263a58868e2
f902fa86-5e4e-4d3e-ab42-5607de220ef5,79b55acd-f031-4c19-8ac3-2326442745ee
f902fa86-5e4e-4d3e-ab42-5607de220ef5,a8d44f36-ac1f-4a64-8f4c-6aaec5250422
f902fa86-5e4e-4d3e-ab42-5607de220ef5,00deff87-0f6e-475a-963a-a52316487d96
f902fa86-5e4e-4d3e-ab42-5607de220ef5,0f8bfafd-b2e2-4f15-a570-4cad1f947725
f902fa86-5e4e-4d3e-ab42-5607de220ef5,dbc6e11d-c1a2-4689-a366-23ca71026190
f902fa86-5e4e-4d3e-ab42-5607de220ef5,a1064009-9e2d-4fd6-afb2-4d203b5c2131
f902fa86-5e4e-4d3e-ab42-5607de220ef5,612b6b7e-4d4d-4767-b86a-a77196c8eac1
f902fa86-5e4e-4d3e-ab42-5607de220ef5,56b9d8b3-392c-49b7-b2ad-215888607ea9
f902fa86-5e4e-4d3e-ab42-5607de220ef5,d00750e4-f737-4a0d-84d5-689eb6a0a45a
f902fa86-5e4e-4d3e-ab42-5607de220ef5,a9c8b0ca-4051-445f-bd5c-d30b9aa86e82
f902fa86-5e4e-4d3e-ab42-5607de220ef5,b949b221-f73c-4e4d-90df-a2990d1c15b8
f902fa86-5e4e-4d3e-ab42-5607de220ef5,bd1a8a9f-150a-4b1a-adf8-b2e573f8391f
f902fa86-5e4e-4d3e-ab42-5607de220ef5,98510fec-dc05-4381-8a40-59b7005a07d0
f902fa86-5e4e-4d3e-ab42-5607de220ef5,b838514a-751d-4237-9aa2-9ce1676b08b0
f902fa86-5e4e-4d3e-ab42-5607de220ef5,7ca2df45-ad23-4eb7-bb7a-16750888c9d0
f902fa86-5e4e-4d3e-ab42-5607de220ef5,dc24e2a5-e6ba-4a28-9544-742ca64a1679
f902fa86-5e4e-4d3e-ab42-5607de220ef5,c595763a-f091-46e4-a442-527e439b934f
f902fa86-5e4e-4d3e-ab42-5607de220ef5,d3818f23-5b28-4d43-a49d-fb9258451473
f902fa86-5e4e-4d3e-ab42-5607de220ef5,4bde87f6-f02c-4fc6-b385-ef83fee76781
f902fa86-5e4e-4d3e-ab42-5607de220ef5,5de6d2db-5724-486e-ae99-33f7439f54bb
f902fa86-5e4e-4d3e-ab42-5607de220ef5,e495b580-908f-4920-834c-2d95444731e3
111121c0-2727-4120-9f61-1e5a0a4db749,126300b1-c1a1-46d0-bcd9-4f04e357692f
111121c0-2727-4120-9f61-1e5a0a4db749,14a9fb8e-082b-48b4-9695-9c259b8a7c48
111121c0-2727-4120-9f61-1e5a0a4db749,0d082d6f-f4dd-4694-9505-7191664cbf11
111121c0-2727-4120-9f61-1e5a0a4db749,4480a72f-5e7c-47aa-ad3b-cdf6a06e435d
111121c0-2727-4120-9f61-1e5a0a4db749,fc8e6f0e-1923-49d6-854c-a4a3709729c5
111121c0-2727-4120-9f61-1e5a0a4db749,58ddab19-2357-49aa-99be-2844addca676
111121c0-2727-4120-9f61-1e5a0a4db749,55aefd89-7c83-441d-a795-6558a2f33a9a
111121c0-2727-4120-9f61-1e5a0a4db749,b6e117cf-02cb-4c00-a4a5-55e1eddd5eff
111121c0-2727-4120-9f61-1e5a0a4db749,4373c2d2-9aa8-41e2-8286-e37d1c6fc42c
111121c0-2727-4120-9f61-1e5a0a4db749,269f8a9a-ed7e-4c86-ac9b-7e12b7fa4209
111121c0-2727-4120-9f61-1e5a0a4db749,2c9408fa-0ec7-4370-b4cd-5fa7f5192b40
111121c0-2727-4120-9f61-1e5a0a4db749,f61ca586-fc10-4bc9-99e1-265951e5055f
111121c0-2727-4120-9f61-1e5a0a4db749,bf582607-a0bf-426a-96a7-d4538ad4c2bd
111121c0-2727-4120-9f61-1e5a0a4db749,a84701cb-a2ae-48b0-8fa2-b59600242aa6
111121c0-2727-4120-9f61-1e5a0a4db749,048600eb-2701-4044-8fce-7486ea9af9a4
111121c0-2727-4120-9f61-1e5a0a4db749,7952d1b1-a77a-4533-8164-78d64c653f82
111121c0-2727-4120-9f61-1e5a0a4db749,15a38a70-cb8d-419d-b91b-d08e9f75638e
111121c0-2727-4120-9f61-1e5a0a4db749,31765375-c289-4f49-8e8d-aefba82cf9f1
111121c0-2727-4120-9f61-1e5a0a4db749,756bce9c-0109-46f7-882e-92e1c470e821
111121c0-2727-4120-9f61-1e5a0a4db749,b0302c6c-61f8-4592-8818-a0d58212c8e3
111121c0-2727-4120-9f61-1e5a0a4db749,9883c82e-1bd0-492e-bf0e-4620457e03be
111121c0-2727-4120-9f61-1e5a0a4db749,b90fb5b1-02f3-41b3-aec5-0dd6edc68725
111121c0-2727-4120-9f61-1e5a0a4db749,7c6b5265-8a0b-4078-afeb-af01d8211423
111121c0-2727-4120-9f61-1e5a0a4db749,3b8c6cf7-03c4-49df-8252-cfd4f3e4587c
111121c0-2727-4120-9f61-1e5a0a4db749,17c143de-aada-4e73-8387-ebcffef5098e
111121c0-2727-4120-9f61-1e5a0a4db749,b8039f89-35d9-4ed8-86a6-21cfd48c1394
111121c0-2727-4120-9f61-1e5a0a4db749,82bba208-7884-41d4-9d47-230680f6a3a1
111121c0-2727-4120-9f61-1e5a0a4db749,512c6afd-dd16-451e-8b5d-fcf81fd3789a
111121c0-2727-4120-9f61-1e5a0a4db749,c5ba6357-fc9b-4343-b194-d315812b7a5a
111121c0-2727-4120-9f61-1e5a0a4db749,0cad1a8b-6883-4271-a30e-3fe4bcd83b8c
111121c0-2727-4120-9f61-1e5a0a4db749,cf942cbe-6ac3-4d50-a091-8c48ad2675e6
111121c0-2727-4120-9f61-1e5a0a4db749,3085c087-046d-44e4-b1d3-a6beb625b135
111121c0-2727-4120-9f61-1e5a0a4db749,cb409087-f768-40cc-ab78-027c51fc8f8b
111121c0-2727-4120-9f61-1e5a0a4db749,b85eba7f-0fd8-432c-804c-a88a947107bc
111121c0-2727-4120-9f61-1e5a0a4db749,78984015-4647-4bbd-b92e-aa4a26131420
111121c0-2727-4120-9f61-1e5a0a4db749,8bab75b4-75b3-456e-9884-bfce4a7046ea
111121c0-2727-4120-9f61-1e5a0a4db749,3ba6576c-f27b-4817-8397-a717a15c6cd2
111121c0-2727-4120-9f61-1e5a0a4db749,a6470edd-2040-433d-a02f-214864a08132
111121c0-2727-4120-9f61-1e5a0a4db749,cb3475de-d902-427e-84dd-37bac68404f4
111121c0-2727-4120-9f61-1e5a0a4db749,ea4d0a76-8b16-4e84-b1fa-8b2c9fadc013
111121c0-2727-4120-9f61-1e5a0a4db749,41473ee5-19cc-40f7-92f0-00a8203629da
111121c0-2727-4120-9f61-1e5a0a4db749,264b3ad8-4f8b-4f14-8117-71994f38a169
111121c0-2727-4120-9f61-1e5a0a4db749,84b73409-d7d2-4749-9b55-a233a7df3dac
111121c0-2727-4120-9f61-1e5a0a4db749,a128851b-c216-40b9-97e5-5257fb83bfbc
111121c0-2727-4120-9f61-1e5a0a4db749,4aaea8e9-0abb-4aa6-9c70-d394a150b32a
111121c0-2727-4120-9f61-1e5a0a4db749,c4d68cbb-dca7-40bb-acec-59e1e62642c4
111121c0-2727-4120-9f61-1e5a0a4db749,3ec59220-c3d8-47b6-b498-1f11ce0c6811
111121c0-2727-4120-9f61-1e5a0a4db749,d39472e0-06f0-41d1-b9e5-12114ed989f4
111121c0-2727-4120-9f61-1e5a0a4db749,9fe20f6c-7030-44e1-90ee-fb18ce9aedf2
111121c0-2727-4120-9f61-1e5a0a4db749,b2ce2d29-29ad-408e-8f35-f8ef5a9c071a
111121c0-2727-4120-9f61-1e5a0a4db749,133ec13e-abd7-4114-a4ca-6a73141a5979
111121c0-2727-4120-9f61-1e5a0a4db749,dbb01a12-f1c6-45f7-80aa-cab8342295e0
111121c0-2727-4120-9f61-1e5a0a4db749,19e57cbb-d78b-496f-a876-97a2ecafcc9a
111121c0-2727-4120-9f61-1e5a0a4db749,a6dee39e-31b6-4d83-a926-9b05bf0bb812
111121c0-2727-4120-9f61-1e5a0a4db749,33075a9b-45c1-44d8-9883-4499b215840e
111121c0-2727-4120-9f61-1e5a0a4db749,1581f71b-fe21-48fe-b148-d1fcea21c16e
111121c0-2727-4120-9f61-1e5a0a4db749,5b8a6e72-e2ca-496a-9a32-5b52caa5fd78
111121c0-2727-4120-9f61-1e5a0a4db749,cb02de21-4698-4727-8b12-b9e86bab445e
111121c0-2727-4120-9f61-1e5a0a4db749,480c22c8-6146-4697-8208-b649b8708015
111121c0-2727-4120-9f61-1e5a0a4db749,f65c2304-4e05-4702-b673-71c5eb8254fc
111121c0-2727-4120-9f61-1e5a0a4db749,ca57ba2c-c3e4-46a6-8c8e-b7d771abb6a4
111121c0-2727-4120-9f61-1e5a0a4db749,a7e7e3f2-2b05-4aff-a5eb-01f04d12d750
111121c0-2727-4120-9f61-1e5a0a4db749,5c8f5c41-4bfc-4a75-b0a3-85f83aa59c9f
111121c0-2727-4120-9f61-1e5a0a4db749,18559e64-9cbf-44a1-a590-a3515371493f
111121c0-2727-4120-9f61-1e5a0a4db749,cbcaa0e8-2568-4567-acd4-ce6c582b6dae
111121c0-2727-4120-9f61-1e5a0a4db749,51770955-c6fa-459c-9408-44b10764dbf5
111121c0-2727-4120-9f61-1e5a0a4db749,47f5f553-694a-4942-aef1-ef66b49a0ec0
111121c0-2727-4120-9f61-1e5a0a4db749,8c7da0ec-9473-42d2-9d6f-6614bd909eb3
111121c0-2727-4120-9f61-1e5a0a4db749,63b8db8e-42bc-4534-887b-fdb8e09c25aa
111121c0-2727-4120-9f61-1e5a0a4db749,b14b990a-47dd-4184-bc29-c1f514eb3dd9
111121c0-2727-4120-9f61-1e5a0a4db749,0c72edf3-58a1-4f27-a809-c15a33420d36
111121c0-2727-4120-9f61-1e5a0a4db749,7112d3eb-4c82-4b5d-954c-8b2ac5d62310
111121c0-2727-4120-9f61-1e5a0a4db749,0dbcdb7c-beff-4db5-aaf8-13194f54046f
111121c0-2727-4120-9f61-1e5a0a4db749,ccb0ac24-db28-4301-a667-efd7bee4f693
111121c0-2727-4120-9f61-1e5a0a4db749,71185dba-b68c-4f52-957a-e1c880003474
111121c0-2727-4120-9f61-1e5a0a4db749,de1b5bda-c7fc-4fa7-a589-c58a07fbab54
111121c0-2727-4120-9f61-1e5a0a4db749,b6e91aed-3acd-4a00-90df-4e04ba26016a
f5136543-cd00-48d0-ab2c-be1aa47833b6,6eeb3b2b-a8f0-4c69-af16-66b300d5dec1
f5136543-cd00-48d0-ab2c-be1aa47833b6,052be8b5-e5c9-4a72-9fac-49833dd26192
f5136543-cd00-48d0-ab2c-be1aa47833b6,a60ce8c2-fef3-4a21-93f9-1892c1b506b3
f5136543-cd00-48d0-ab2c-be1aa47833b6,886a1bad-ef84-4ac9-b93e-a7bf18c65b5f
f5136543-cd00-48d0-ab2c-be1aa47833b6,cdb5fc2b-3d09-4043-aa5e-fed23eb8da30
f5136543-cd00-48d0-ab2c-be1aa47833b6,3b036872-a6fb-4b0a-9ec4-91fe49646062
f5136543-cd00-48d0-ab2c-be1aa47833b6,3ae3e09f-04c3-4615-b410-bed661092a1f
f5136543-cd00-48d0-ab2c-be1aa47833b6,a673aa3c-5833-4741-861e-db1b513edb99
f5136543-cd00-48d0-ab2c-be1aa47833b6,5c4e98f9-723a-4b75-9c46-e9ada4d4fdb4
f5136543-cd00-48d0-ab2c-be1aa47833b6,a075124c-c992-4d12-8c4d-b651f55ae79e
f5136543-cd00-48d0-ab2c-be1aa47833b6,38f2b31f-6a02-4726-bdcd-b9ea55b2d2db
f5136543-cd00-48d0-ab2c-be1aa47833b6,185a2932-e8ac-40e3-9a79-488032849ad4
f5136543-cd00-48d0-ab2c-be1aa47833b6,dcc42733-9d24-41a1-802d-ff8c3b41eb38
f5136543-cd00-48d0-ab2c-be1aa47833b6,f5080278-8cb1-445c-8681-913490bcbb7b
f5136543-cd00-48d0-ab2c-be1aa47833b6,e9655bc9-f214-4727-90cc-ce9ff34198ec
f5136543-cd00-48d0-ab2c-be1aa47833b6,0043b835-da4e-4915-8eb8-776a44e7596c
f5136543-cd00-48d0-ab2c-be1aa47833b6,b9572d8b-fe2b-44fa-8aa4-26463bf6989d
f5136543-cd00-48d0-ab2c-be1aa47833b6,a151ed77-54a0-478a-88a9-277b68650354
f5136543-cd00-48d0-ab2c-be1aa47833b6,bd30940c-e093-4d9b-9aa0-1f67c819fea0
f5136543-cd00-48d0-ab2c-be1aa47833b6,d64e38c6-c683-48fe-8f46-3aeedf921155
f5136543-cd00-48d0-ab2c-be1aa47833b6,3ff5511e-326a-4a02-8ce1-be3b90c27096
f5136543-cd00-48d0-ab2c-be1aa47833b6,c193458f-1dc2-419e-9004-945e8e782606
f5136543-cd00-48d0-ab2c-be1aa47833b6,de0b5c85-3db3-499f-90a9-7a778f750a6c
f5136543-cd00-48d0-ab2c-be1aa47833b6,84865424-be38-45b0-959b-a353ba12a2ad
f5136543-cd00-48d0-ab2c-be1aa47833b6,db4dc43f-fd6c-4711-aea6-aeeace3f645e
f5136543-cd00-48d0-ab2c-be1aa47833b6,b2f78240-1ce9-4f27-8e47-10912ae97f1f
f5136543-cd00-48d0-ab2c-be1aa47833b6,a2394e12-44ef-4f72-bfa2-2f6a4deb1a6f
f5136543-cd00-48d0-ab2c-be1aa47833b6,8641ef53-eae3-4f4c-b381-899574fb31e4
f5136543-cd00-48d0-ab2c-be1aa47833b6,8973a46d-c8e5-4d08-a5f2-d0851fe84527
f5136543-cd00-48d0-ab2c-be1aa47833b6,ce22f663-8a88-4ba1-9b23-c7946e061b0a
f5136543-cd00-48d0-ab2c-be1aa47833b6,f30c6acb-ceed-4a82-9065-f326b9ae6761
f5136543-cd00-48d0-ab2c-be1aa47833b6,c57c4df9-beef-4797-8409-16fb06d2c3de
f5136543-cd00-48d0-ab2c-be1aa47833b6,4eae8b9b-3041-4dea-bc7e-8a7fdee4abac
f5136543-cd00-48d0-ab2c-be1aa47833b6,4efb71bb-2267-4e66-b6d5-8d2f3a89eae2
f5136543-cd00-48d0-ab2c-be1aa47833b6,4fc6f2dd-b8c0-4555-972c-50dd289c7ade
f5136543-cd00-48d0-ab2c-be1aa47833b6,02c4c192-20f5-4736-befc-d17e45e6a641
f5136543-cd00-48d0-ab2c-be1aa47833b6,a20895bb-74a4-4237-bb4f-5cddea376e69
f5136543-cd00-48d0-ab2c-be1aa47833b6,475a0087-544d-4b86-bcc8-20521df3899c
f5136543-cd00-48d0-ab2c-be1aa47833b6,982f464b-ffbe-40ac-a929-f8a7dcd0e653
f5136543-cd00-48d0-ab2c-be1aa47833b6,103f10df-2a24-415b-8c65-59d508fb64d2
f5136543-cd00-48d0-ab2c-be1aa47833b6,e7c1fcf2-e3de-4b2a-85d7-75cce2fd24d3
f5136543-cd00-48d0-ab2c-be1aa47833b6,14a89a2d-1905-4f60-9e61-4d9ce69b679e
f5136543-cd00-48d0-ab2c-be1aa47833b6,54e20ee7-f172-4fad-b8e4-6670a4e8a39d
f5136543-cd00-48d0-ab2c-be1aa47833b6,6a27bdb0-6c91-45ab-a393-4ba7ba61b7a4
f5136543-cd00-48d0-ab2c-be1aa47833b6,85854aea-72a9-44fc-b7b2-baa04570ad6f
f5136543-cd00-48d0-ab2c-be1aa47833b6,3e8aabef-125e-49e5-891f-8cba6c1eacd8
f5136543-cd00-48d0-ab2c-be1aa47833b6,b073aa51-be24-41e8-af5a-1e0a2773dd31
f5136543-cd00-48d0-ab2c-be1aa47833b6,923d44d8-64e6-4cc1-9e51-4fd56b9ef8a9
f5136543-cd00-48d0-ab2c-be1aa47833b6,9fd21b5b-326d-4373-b5cf-7b9bc546fd8f
f5136543-cd00-48d0-ab2c-be1aa47833b6,272f3ba5-0b60-49df-b759-a1c41ca76569
f5136543-cd00-48d0-ab2c-be1aa47833b6,27e92031-004d-4c6d-88ec-8441ecaf796c
f5136543-cd00-48d0-ab2c-be1aa47833b6,be809731-4979-4388-9e5f-6988126a0bc8
f5136543-cd00-48d0-ab2c-be1aa47833b6,111aac28-7be1-49a3-88c4-b7054f804208
f5136543-cd00-48d0-ab2c-be1aa47833b6,73252722-212d-42c1-8be5-deb9d8faa273
f5136543-cd00-48d0-ab2c-be1aa47833b6,8376ddac-efed-47bc-89eb-ea076b7d17e9
f5136543-cd00-48d0-ab2c-be1aa47833b6,2d667a2f-68eb-416b-898d-726bef48d52e
f5136543-cd00-48d0-ab2c-be1aa47833b6,387dfbf8-8838-41c1-a708-bd6270b1cc06
f5136543-cd00-48d0-ab2c-be1aa47833b6,a23ad78c-a7df-40e3-8ce4-204f78e1620a
f5136543-cd00-48d0-ab2c-be1aa47833b6,b8b48c02-f4f0-4706-811e-18c0bebd550e
f5136543-cd00-48d0-ab2c-be1aa47833b6,038fdc80-7ae8-4e82-8109-8cfd7aeef0ea
f5136543-cd00-48d0-ab2c-be1aa47833b6,9e199a86-6808-4648-9b42-624e3287a0b2
f5136543-cd00-48d0-ab2c-be1aa47833b6,833b109a-5882-43d1-b1b0-9e4a72a99d39
f5136543-cd00-48d0-ab2c-be1aa47833b6,cdd3c32f-04e6-43ec-b870-fc41417609a3
f5136543-cd00-48d0-ab2c-be1aa47833b6,2b8f7542-5aee-4127-a76f-a3409e20b8dd
f5136543-cd00-48d0-ab2c-be1aa47833b6,6cfdb7d0-77c0-4100-8e0e-0c5bba2ce389
f5136543-cd00-48d0-ab2c-be1aa47833b6,b19be753-a573-4eb7-a316-39253fe2c58a
f5136543-cd00-48d0-ab2c-be1aa47833b6,3b6cf6d0-654c-481a-9e6b-6c411a5c7880
f5136543-cd00-48d0-ab2c-be1aa47833b6,5e22c8ff-76e8-42dd-a598-2bf167c26bee
f5136543-cd00-48d0-ab2c-be1aa47833b6,e31f3c86-8ff4-48e7-98d2-783bb0e398f2
f5136543-cd00-48d0-ab2c-be1aa47833b6,bddf4cee-44e5-49bc-97f8-128e9b30a015
f5136543-cd00-48d0-ab2c-be1aa47833b6,3e83a895-ce60-4b97-9dc4-7f82316ace62
f5136543-cd00-48d0-ab2c-be1aa47833b6,7e491314-43f8-45dc-b215-be1a6adb2d7a
f5136543-cd00-48d0-ab2c-be1aa47833b6,ffc0f8d9-f843-4f40-8e76-9e2d27bbab5f
f5136543-cd00-48d0-ab2c-be1aa47833b6,24b6d6c6-7d4d-4b3a-b06e-262bcb2d61bb
f5136543-cd00-48d0-ab2c-be1aa47833b6,3b01e835-e8ed-4516-9d9e-7361b4776fcf
f5136543-cd00-48d0-ab2c-be1aa47833b6,0bfcb06b-335f-4443-9376-408036731dd3
f5136543-cd00-48d0-ab2c-be1aa47833b6,8920edd8-6800-4a43-9485-b5b2cdc3a55b
f5136543-cd00-48d0-ab2c-be1aa47833b6,f1db1afc-956a-4ce1-934f-28ef30fb4b3b
f5136543-cd00-48d0-ab2c-be1aa47833b6,3495f6fb-3fe6-420b-b78c-ca0320cf4bc4
f5136543-cd00-48d0-ab2c-be1aa47833b6,31c08791-b379-4da2-b2a5-837b51abb226
f5136543-cd00-48d0-ab2c-be1aa47833b6,94ac7d0b-4646-4de4-8b5f-9e22d67c6271
f5136543-cd00-48d0-ab2c-be1aa47833b6,be4b59f0-8ee9-4e5a-a573-3827dff004ef
f5136543-cd00-48d0-ab2c-be1aa47833b6,40667ee8-cea7-4738-ac37-99334df5f7e8
f5136543-cd00-48d0-ab2c-be1aa47833b6,baa892b6-26cf-4d94-a3f4-52fa5b2482a5
f5136543-cd00-48d0-ab2c-be1aa47833b6,a3ffcbe8-b0ff-45ed-806e-b36ef94768c4
f5136543-cd00-48d0-ab2c-be1aa47833b6,a04e6298-8b9f-4891-aef0-de3c21c851c4
f5136543-cd00-48d0-ab2c-be1aa47833b6,385f8310-e186-4f38-8e0c-d655dc06bb36
f5136543-cd00-48d0-ab2c-be1aa47833b6,70d0edb3-60b5-4d5b-b039-3a9e6af0816c
f5136543-cd00-48d0-ab2c-be1aa47833b6,d8caf814-edab-461e-967f-e08a0d987f03
f5136543-cd00-48d0-ab2c-be1aa47833b6,54519fc0-763c-4518-809d-ef82f83409e1
f5136543-cd00-48d0-ab2c-be1aa47833b6,a1dadd76-d8ae-4a57-8d64-fd79bb2bc44d
f5136543-cd00-48d0-ab2c-be1aa47833b6,076907c9-9d9a-498f-b808-69a3503edad9
9a7fe945-3282-40f0-8f9a-062742551c28,3b552808-8608-4256-8bc7-fd23fb7877ab
9a7fe945-3282-40f0-8f9a-062742551c28,b1921723-6e84-471b-a447-877ea5f5f359
9a7fe945-3282-40f0-8f9a-062742551c28,4d413fcf-c531-4ca4-a269-3d5045210c42
9a7fe945-3282-40f0-8f9a-062742551c28,1006dfc6-46b2-4dc0-ad9c-49a48f50ef72
9a7fe945-3282-40f0-8f9a-062742551c28,7293df96-56c2-4932-bc0a-da56a9798804
9a7fe945-3282-40f0-8f9a-062742551c28,90ebc5a2-fdf8-4a81-b066-29b2fffeb939
9a7fe945-3282-40f0-8f9a-062742551c28,841d459d-de6d-494c-a507-ed33e9244263
9a7fe945-3282-40f0-8f9a-062742551c28,09b0bbb4-1e98-473a-8acd-2e4d4c3c53b1
9a7fe945-3282-40f0-8f9a-062742551c28,53759ada-1639-4e23-a8ad-d50b6112aeae
9a7fe945-3282-40f0-8f9a-062742551c28,10ba1ed4-05c5-446c-abbc-87ab58f0bdd3
9a7fe945-3282-40f0-8f9a-062742551c28,34bdc44a-5f3d-4d72-89a8-c83fef5c5545
9a7fe945-3282-40f0-8f9a-062742551c28,55e806e8-a880-4879-b2ed-f86906d47f9d
9a7fe945-3282-40f0-8f9a-062742551c28,e0e2576e-02d4-4710-a5be-f91b29c773fe
9a7fe945-3282-40f0-8f9a-062742551c28,94d9a80b-32ff-43c2-8aa8-d01bd24e96ab
9a7fe945-3282-40f0-8f9a-062742551c28,d9a3cb41-f31e-4568-a5bf-1e203163cc5b
9a7fe945-3282-40f0-8f9a-062742551c28,29a0ebe5-cc9d-4c7c-bc01-f9a422eeee33
9a7fe945-3282-40f0-8f9a-062742551c28,f25c30bf-d084-4a2e-ba64-92e0f5afc73a
9a7fe945-3282-40f0-8f9a-062742551c28,0aeda9af-373b-442f-906a-6b583b62232a
9a7fe945-3282-40f0-8f9a-062742551c28,5cbd3990-09eb-49e9-9881-332da6d47e93
9a7fe945-3282-40f0-8f9a-062742551c28,305431e0-8f70-4046-97fe-cb04adce95fc
9a7fe945-3282-40f0-8f9a-062742551c28,5a6b64df-efd2-4530-b640-c62d66ae1768
9a7fe945-3282-40f0-8f9a-062742551c28,455671f6-a997-4a4b-9d47-1a3cbe8d6e67
9a7fe945-3282-40f0-8f9a-062742551c28,c3361799-4928-4541-8b8b-fbb7ebf8c135
9a7fe945-3282-40f0-8f9a-062742551c28,f3f501ac-3c28-446c-b591-7a7d47d887dd
9a7fe945-3282-40f0-8f9a-062742551c28,ff54f720-6b2c-4ddf-9941-33e80cb826af
9a7fe945-3282-40f0-8f9a-062742551c28,b9f7ef05-c66a-4805-ba10-520e781cdae0
9a7fe945-3282-40f0-8f9a-062742551c28,68ad482e-e581-42a7-ae77-0856a6ca6452
9a7fe945-3282-40f0-8f9a-062742551c28,39f44a70-6eb8-452f-aa65-e8c9e340b165
9a7fe945-3282-40f0-8f9a-062742551c28,d970ca48-b8b0-416e-9c48-91c929f7da19
9a7fe945-3282-40f0-8f9a-062742551c28,f541adb8-7574-41fc-90df-814ef4363d0c
9a7fe945-3282-40f0-8f9a-062742551c28,5a69336a-f2f9-4ada-8d47-52ba4a57d5f8
9a7fe945-3282-40f0-8f9a-062742551c28,311be847-2d77-4fb8-879e-b6fdad82e602
9a7fe945-3282-40f0-8f9a-062742551c28,d6739e31-065d-4935-a3a6-2f138faf2696
9a7fe945-3282-40f0-8f9a-062742551c28,83a3cb4c-882c-4381-b30e-e2c530def8be
9a7fe945-3282-40f0-8f9a-062742551c28,e0d3ae69-0c10-4d67-8c0c-480e2d26bc06
9a7fe945-3282-40f0-8f9a-062742551c28,50332403-3a6b-41bc-8d55-6e4fe9d89f8f
9a7fe945-3282-40f0-8f9a-062742551c28,5c535fd6-3734-4c66-9e98-bda24f299b6b
9a7fe945-3282-40f0-8f9a-062742551c28,25c54e58-7b44-4209-a420-1bf1b0445d4f
9a7fe945-3282-40f0-8f9a-062742551c28,81ec04b2-a6c8-4b25-996b-f0b70006a6b1
9a7fe945-3282-40f0-8f9a-062742551c28,058c6332-7aeb-4915-b149-46d3fa5b3adc
9a7fe945-3282-40f0-8f9a-062742551c28,16fca797-ee18-4301-a0a1-0b300add1a11
9a7fe945-3282-40f0-8f9a-062742551c28,9fa96e96-e2b5-401e-be5b-ff74a62d6185
9a7fe945-3282-40f0-8f9a-062742551c28,47e4cdd1-1ef9-432d-a2fb-01e3e4328c5e
9a7fe945-3282-40f0-8f9a-062742551c28,323c4f07-0d8f-47b7-9b05-c18ed1c504b6
9a7fe945-3282-40f0-8f9a-062742551c28,2878fa51-5347-4bda-be30-a113c60aa3f0
9a7fe945-3282-40f0-8f9a-062742551c28,5b2ecf36-4a29-4b91-ab49-91d03ddce01e
9a7fe945-3282-40f0-8f9a-062742551c28,2b8a3f84-7d7f-46fc-b018-9d5d2f87f279
9a7fe945-3282-40f0-8f9a-062742551c28,4a53b846-7606-41e3-892f-023dfeef6344
9a7fe945-3282-40f0-8f9a-062742551c28,88eab8e9-9501-432e-a77e-dc76dd3be100
9a7fe945-3282-40f0-8f9a-062742551c28,57773ef7-ffca-4b73-a025-7db92ff1d23c
9a7fe945-3282-40f0-8f9a-062742551c28,4c71e04d-8492-4539-897f-c6d26386f49c
9a7fe945-3282-40f0-8f9a-062742551c28,8fa0a8d9-eae4-4691-bf88-5aeadef17428
9a7fe945-3282-40f0-8f9a-062742551c28,9fe3ed79-3274-4e5d-92a2-47bf54f58c50
9a7fe945-3282-40f0-8f9a-062742551c28,088853bc-bfa8-42ae-a223-49ebe7df9923
9a7fe945-3282-40f0-8f9a-062742551c28,35d235b3-8b67-424d-946d-d0f9bb297250
9a7fe945-3282-40f0-8f9a-062742551c28,3d0e0d8d-e496-4fbc-ac1f-b3596e8b88fe
9a7fe945-3282-40f0-8f9a-062742551c28,08a11f0d-fc9a-4ba4-ac23-44396ce7d00e
9a7fe945-3282-40f0-8f9a-062742551c28,c9c8c970-8934-49e4-90d6-14616713c600
9a7fe945-3282-40f0-8f9a-062742551c28,f1a1bbe8-3374-430f-9f41-6579cd6ecfc3
9a7fe945-3282-40f0-8f9a-062742551c28,65f31f40-3b98-4c78-896b-90617a29df87
9a7fe945-3282-40f0-8f9a-062742551c28,1369a086-7894-4b72-900f-3d270a8ea999
9a7fe945-3282-40f0-8f9a-062742551c28,027cc360-3d9e-4307-9848-1f945d2571eb
9a7fe945-3282-40f0-8f9a-062742551c28,fc8aad10-be92-485d-93b8-394c01e77b38
9a7fe945-3282-40f0-8f9a-062742551c28,0b8c123a-08ec-457f-820c-b21df6614161
9a7fe945-3282-40f0-8f9a-062742551c28,1af56d6c-87b9-474f-9a7c-932ae79bd7ec
9a7fe945-3282-40f0-8f9a-062742551c28,c1fa0f6f-7f4c-4e1e-9717-208781673f45
9a7fe945-3282-40f0-8f9a-062742551c28,28b77f76-e3c3-4864-a1d2-427dd0221b05
9a7fe945-3282-40f0-8f9a-062742551c28,79d95645-eefd-4a2e-9023-d82c246232aa
9a7fe945-3282-40f0-8f9a-062742551c28,e1e44ee1-69bc-4a34-9369-d481b18cd390
9a7fe945-3282-40f0-8f9a-062742551c28,b19c00e7-6970-432b-8866-037f7568ef35
9a7fe945-3282-40f0-8f9a-062742551c28,bc53dfc6-52f2-4244-980e-4540bac4f105
9a7fe945-3282-40f0-8f9a-062742551c28,82a5ec2c-f70c-47f3-9f59-fa041c6fb763
9a7fe945-3282-40f0-8f9a-062742551c28,69b1ce9e-1e74-427f-81cd-ecf0cf8614d2
9a7fe945-3282-40f0-8f9a-062742551c28,0935ca89-57ef-421a-8c1b-fce206133330
9a7fe945-3282-40f0-8f9a-062742551c28,23b98024-0098-477e-ab2b-748c7076dadf
9a7fe945-3282-40f0-8f9a-062742551c28,bcdb00e9-6ac2-451b-8374-524e6b657857
9a7fe945-3282-40f0-8f9a-062742551c28,a32e613c-f140-4e54-b29f-51dbf3c1ed95
9a7fe945-3282-40f0-8f9a-062742551c28,14ef6978-b878-4978-9c18-bce289771023
9a7fe945-3282-40f0-8f9a-062742551c28,bdb8bb76-d305-4a0a-b32a-5c6902a2815b
9a7fe945-3282-40f0-8f9a-062742551c28,5a32eaad-82e2-47e8-9a81-bc056402ea0e
9a7fe945-3282-40f0-8f9a-062742551c28,52db242a-4b9d-46ba-95a2-3af529c7eea3
9a7fe945-3282-40f0-8f9a-062742551c28,db177a53-0a63-4e21-9314-8b90809d6d93
9a7fe945-3282-40f0-8f9a-062742551c28,8f177ebc-87d5-44bd-9901-bdb7b055f9da
9a7fe945-3282-40f0-8f9a-062742551c28,75380457-651f-4a39-a8fd-7821f3c2a1f0
9a7fe945-3282-40f0-8f9a-062742551c28,52a60600-5273-4326-af86-ec3c9afb459d
9a7fe945-3282-40f0-8f9a-062742551c28,35e15c98-4176-4e1b-9923-ef1696d9cea2
9a7fe945-3282-40f0-8f9a-062742551c28,57a2beb3-4ffa-4e7f-9421-053a2afb68a5
9a7fe945-3282-40f0-8f9a-062742551c28,b2dccafe-82de-4af8-a0cf-9174ed9d445f
9a7fe945-3282-40f0-8f9a-062742551c28,df77de33-03d1-46f1-8e5a-b088d593cf5e
9a7fe945-3282-40f0-8f9a-062742551c28,53b8f4ee-fc06-4ae3-8aae-10ceaff82ce4
9a7fe945-3282-40f0-8f9a-062742551c28,e7722b07-5722-4e1b-a0fd-d24d170702cd
9a7fe945-3282-40f0-8f9a-062742551c28,0e3ff611-fc2a-4092-b0da-06d7772d66e3
d2bd889f-7622-48a3-b62f-844bbfd6dd82,8ce0421e-c4f6-4fcf-b052-437859e276b7
d2bd889f-7622-48a3-b62f-844bbfd6dd82,22c1cb05-8741-4bfb-a6a6-3cf6ac5c9bd0
d2bd889f-7622-48a3-b62f-844bbfd6dd82,ff29b32c-c3fd-4a76-9fd2-5e7db514fb61
d2bd889f-7622-48a3-b62f-844bbfd6dd82,d3fe9bfc-0a08-4297-aa92-7ff8fc32c2ba
d2bd889f-7622-48a3-b62f-844bbfd6dd82,1cb11164-9eed-47ef-bac4-cc66e3363342
d2bd889f-7622-48a3-b62f-844bbfd6dd82,de147e38-4c40-4445-8126-bdc4afa965f8
d2bd889f-7622-48a3-b62f-844bbfd6dd82,0448d501-9921-4c18-9eee-eb02d0c4ea96
d2bd889f-7622-48a3-b62f-844bbfd6dd82,a9462c1e-bb09-474e-90a2-92dec3cfed87
d2bd889f-7622-48a3-b62f-844bbfd6dd82,9d433339-218d-4cde-aae7-7cd1009af67e
d2bd889f-7622-48a3-b62f-844bbfd6dd82,0631b925-0823-420f-92c5-77f04be7761b
d2bd889f-7622-48a3-b62f-844bbfd6dd82,67a28761-495a-481b-93fe-0ecd9179b5d5
d2bd889f-7622-48a3-b62f-844bbfd6dd82,5559f98b-dd91-4ebb-b833-065599518af9
d2bd889f-7622-48a3-b62f-844bbfd6dd82,40df9ee7-0466-4f58-8e9c-4a36940ccac1
d2bd889f-7622-48a3-b62f-844bbfd6dd82,63ecbc07-fd6e-4317-b427-2a81d2dd5d92
d2bd889f-7622-48a3-b62f-844bbfd6dd82,43d65c2d-a548-4a15-8740-dd2eef36b3a4
d2bd889f-7622-48a3-b62f-844bbfd6dd82,7e3bd522-662b-4b13-8f14-c297d011740b
d2bd889f-7622-48a3-b62f-844bbfd6dd82,98a0cfb1-50af-4a70-9885-3ee1c23fb0d1
d2bd889f-7622-48a3-b62f-844bbfd6dd82,94c6608a-3545-4945-819b-60c1085d12a7
d2bd889f-7622-48a3-b62f-844bbfd6dd82,c1163eef-38a1-4905-ae26-dae53a6ce1ae
d2bd889f-7622-48a3-b62f-844bbfd6dd82,3bc2b899-7418-435c-b12e-60b25424527f
d2bd889f-7622-48a3-b62f-844bbfd6dd82,3bf55954-a08e-4453-864e-8d70c816d74f
d2bd889f-7622-48a3-b62f-844bbfd6dd82,8fb50078-1f3b-47ec-a59e-c7d1a77483ed
d2bd889f-7622-48a3-b62f-844bbfd6dd82,e6a3077b-956b-4cf9-ba17-100aafcea27c
d2bd889f-7622-48a3-b62f-844bbfd6dd82,6ff46de5-0431-4e7c-8641-224bc529e540
d2bd889f-7622-48a3-b62f-844bbfd6dd82,efa5d5cb-869d-4ad7-9851-ce85b7a74555
d2bd889f-7622-48a3-b62f-844bbfd6dd82,86b55531-78f0-4585-825a-82214331b788
d2bd889f-7622-48a3-b62f-844bbfd6dd82,64be21bc-a774-4a42-a6fb-9e9374f89809
d2bd889f-7622-48a3-b62f-844bbfd6dd82,57c8e434-3abb-4d9b-9322-0c8f41d64c7d
d2bd889f-7622-48a3-b62f-844bbfd6dd82,2819bbd5-28a4-471b-9208-f90ce12287e3
d2bd889f-7622-48a3-b62f-844bbfd6dd82,0fd434c6-2abb-487f-875c-3f6858757945
d2bd889f-7622-48a3-b62f-844bbfd6dd82,bfec0426-ff5b-4172-9a0c-e8f5205d37ef
d2bd889f-7622-48a3-b62f-844bbfd6dd82,a9a48190-98d1-4596-a417-0b983905c43a
d2bd889f-7622-48a3-b62f-844bbfd6dd82,794cc63f-7e11-45bb-8a80-a401f0901950
d2bd889f-7622-48a3-b62f-844bbfd6dd82,571ce412-e12a-49d6-b5bf-7d4e5c29cb49
d2bd889f-7622-48a3-b62f-844bbfd6dd82,82643530-878d-401e-806b-13b99a826af9
d2bd889f-7622-48a3-b62f-844bbfd6dd82,5e82839a-389a-4c7a-8ade-8b2aa74c7113
d2bd889f-7622-48a3-b62f-844bbfd6dd82,cde39008-995a-4502-8fbe-faabb34b2394
d2bd889f-7622-48a3-b62f-844bbfd6dd82,86ec01f9-53bc-4ddb-9501-9c0099b7585d
d2bd889f-7622-48a3-b62f-844bbfd6dd82,12ec97bb-ca2d-45a7-95a8-a1b50d59066e
d2bd889f-7622-48a3-b62f-844bbfd6dd82,437cff86-9b23-464f-bb3b-c387458cdd97
d2bd889f-7622-48a3-b62f-844bbfd6dd82,19032060-900b-4956-9601-79ae0873929d
d2bd889f-7622-48a3-b62f-844bbfd6dd82,e234739e-516e-402e-87db-0b78115b97ef
d2bd889f-7622-48a3-b62f-844bbfd6dd82,d07f4fe7-aedf-429e-a08b-9b31520e6c42
d2bd889f-7622-48a3-b62f-844bbfd6dd82,0cabb739-7a3a-4049-bf4a-976d8ee3d0b8
d2bd889f-7622-48a3-b62f-844bbfd6dd82,b0de1f02-a642-40d4-99ac-bbbb3c4c4db8
d2bd889f-7622-48a3-b62f-844bbfd6dd82,1fb2f6c0-3544-4e6d-8b7f-94fdd4db78e2
d2bd889f-7622-48a3-b62f-844bbfd6dd82,ab28151e-5367-480a-8669-23263e8860da
d2bd889f-7622-48a3-b62f-844bbfd6dd82,e9e957db-64d1-4063-8eb4-9b5c8d363a8e
d2bd889f-7622-48a3-b62f-844bbfd6dd82,e73005a1-0cc5-4d9b-aa88-e26aca533cce
d2bd889f-7622-48a3-b62f-844bbfd6dd82,59b6a743-d741-4f4e-9f6c-b983172173df
d2bd889f-7622-48a3-b62f-844bbfd6dd82,639fb707-27ab-4ab2-9442-21f319494873
d2bd889f-7622-48a3-b62f-844bbfd6dd82,6a4fc0fe-1b92-4d35-b478-4d121cdafcbb
d2bd889f-7622-48a3-b62f-844bbfd6dd82,77db83b4-f0e6-4a9a-a4e1-3b52967af96a
d2bd889f-7622-48a3-b62f-844bbfd6dd82,25dd481f-c5df-4163-abdf-27fd1ee69dfe
d2bd889f-7622-48a3-b62f-844bbfd6dd82,08cc02fe-ea29-4f71-8d7a-9131201c0e70
d2bd889f-7622-48a3-b62f-844bbfd6dd82,71d588f4-d889-43a7-8d0d-c2e03688af52
d2bd889f-7622-48a3-b62f-844bbfd6dd82,f1af04eb-c116-4778-a47d-98f51563568f
d2bd889f-7622-48a3-b62f-844bbfd6dd82,e9aee405-81fa-4e76-ab4a-91daf025cf24
d2bd889f-7622-48a3-b62f-844bbfd6dd82,c1ea94b0-12c5-4175-8111-b5931a068c0c
d2bd889f-7622-48a3-b62f-844bbfd6dd82,87a0e59b-60e8-4a41-b37c-baa767f0f696
d2bd889f-7622-48a3-b62f-844bbfd6dd82,fb0907b0-b141-4f31-b7b5-4602f70673fa
d2bd889f-7622-48a3-b62f-844bbfd6dd82,82105fc5-32a5-4500-b766-0313646e84b1
d2bd889f-7622-48a3-b62f-844bbfd6dd82,6afd758c-2530-4aa1-aa83-8067d633f19f
d2bd889f-7622-48a3-b62f-844bbfd6dd82,cb87885b-a794-495a-a844-3bbbbe8ceb98
d2bd889f-7622-48a3-b62f-844bbfd6dd82,4c1fb807-b4c5-4cc4-a03c-429067a7fbce
d2bd889f-7622-48a3-b62f-844bbfd6dd82,6de50182-d310-4773-84a9-1318f0c8124e
d2bd889f-7622-48a3-b62f-844bbfd6dd82,b6aeda43-27c0-4176-8e6d-24357197c4a8
d2bd889f-7622-48a3-b62f-844bbfd6dd82,403726d2-b104-4869-93b1-51cdaf50ef16
d2bd889f-7622-48a3-b62f-844bbfd6dd82,3fb283c5-39e1-446c-a52a-9d4ac7bbe04e
d2bd889f-7622-48a3-b62f-844bbfd6dd82,d7d0e523-5711-4054-a6be-208ff16b9081
d2bd889f-7622-48a3-b62f-844bbfd6dd82,3f053e03-c328-48a3-a51e-5726be449840
d2bd889f-7622-48a3-b62f-844bbfd6dd82,b23fa680-26cf-4d35-8e87-f3981a7e17a6
d2bd889f-7622-48a3-b62f-844bbfd6dd82,ba87db4d-f103-4a7b-b97e-5ba5a8ba8372
d2bd889f-7622-48a3-b62f-844bbfd6dd82,2089fbe8-87a4-410f-9e60-71d95d540537
d2bd889f-7622-48a3-b62f-844bbfd6dd82,515d0594-1908-47f1-9871-5e9c482ae492
d2bd889f-7622-48a3-b62f-844bbfd6dd82,77b073a2-4519-49b5-a506-ee3cbc2f8604
d2bd889f-7622-48a3-b62f-844bbfd6dd82,de1de903-c976-4df5-b060-a041149f2b58
d2bd889f-7622-48a3-b62f-844bbfd6dd82,56a76aab-6010-40e7-b0be-0e35121585d5
d2bd889f-7622-48a3-b62f-844bbfd6dd82,7db7b4c6-3b0b-43f1-b58b-b0b8703af757
d2bd889f-7622-48a3-b62f-844bbfd6dd82,d7f51f14-1535-498e-996f-1537d9f2fee4
d2bd889f-7622-48a3-b62f-844bbfd6dd82,268d5977-a37d-45b0-8360-ab7f811a0fad
d2bd889f-7622-48a3-b62f-844bbfd6dd82,ebda68c4-a83c-43d0-a297-48acfd818ddd
d2bd889f-7622-48a3-b62f-844bbfd6dd82,5093b49f-2dcf-43ea-a9a4-b765bff67795
d2bd889f-7622-48a3-b62f-844bbfd6dd82,c137f8ca-1b4c-45c0-a59c-f6f4be24639c
8cffd924-17ed-45b6-bc65-d6de425be594,e0ae069e-2d1b-45fc-8df0-f71076c10a3b
8cffd924-17ed-45b6-bc65-d6de425be594,bf90388d-ad68-4274-ba86-94c5a1a2f683
8cffd924-17ed-45b6-bc65-d6de425be594,ea37cb16-2e04-451e-8bb9-258f4988cd73
8cffd924-17ed-45b6-bc65-d6de425be594,464430c8-1038-49b3-981b-68e1c5e9169f
8cffd924-17ed-45b6-bc65-d6de425be594,dc7c6cc1-94e4-41dd-ad10-bc74eacfd810
8cffd924-17ed-45b6-bc65-d6de425be594,0fa3ef21-e2cd-4d86-984c-cf4c4a4fbf1d
8cffd924-17ed-45b6-bc65-d6de425be594,3db4be4d-d41e-4053-83a6-31903ba67311
8cffd924-17ed-45b6-bc65-d6de425be594,416dfaf1-b7b1-4ffc-82a9-132536e4125d
8cffd924-17ed-45b6-bc65-d6de425be594,01536739-84b8-457f-8112-f847c6c997a3
8cffd924-17ed-45b6-bc65-d6de425be594,510e48c5-1601-438f-97f4-5aa03bdb3393
8cffd924-17ed-45b6-bc65-d6de425be594,5a050676-9f1a-456b-953f-b35fd55d1484
8cffd924-17ed-45b6-bc65-d6de425be594,5d40b675-01fa-4ae3-a304-8878744a58b9
8cffd924-17ed-45b6-bc65-d6de425be594,b0a8c7c6-c07c-42e4-9568-5a653bafe273
8cffd924-17ed-45b6-bc65-d6de425be594,2eba1c7a-45e2-4f97-9bb6-8162598b8642
8cffd924-17ed-45b6-bc65-d6de425be594,8c7ee4a3-28ae-4fec-854e-da14edc7ae29
8cffd924-17ed-45b6-bc65-d6de425be594,2dfc1b19-b7d0-41f9-8da0-c1a0613bce23
8cffd924-17ed-45b6-bc65-d6de425be594,1f305637-c8d9-4862-8c20-81f5a57e41b0
8cffd924-17ed-45b6-bc65-d6de425be594,96b2609d-b95f-48ab-9052-476bd22b9610
8cffd924-17ed-45b6-bc65-d6de425be594,c8cf2718-4493-40cc-ba82-20bff24ef3f1
8cffd924-17ed-45b6-bc65-d6de425be594,9ab6e8ec-ca43-456b-8b7f-26ae47c27b9e
8cffd924-17ed-45b6-bc65-d6de425be594,2a9a1faf-35f5-4eaf-b363-0735e9bee3ae
8cffd924-17ed-45b6-bc65-d6de425be594,b70f3259-f074-4d83-b66a-3fccb577de41
8cffd924-17ed-45b6-bc65-d6de425be594,f30ca374-2868-473f-92f6-9a8939133739
8cffd924-17ed-45b6-bc65-d6de425be594,c7a1c5a3-b4b2-4211-96ac-8e2856d17871
8cffd924-17ed-45b6-bc65-d6de425be594,a80a28c5-05de-43e9-9d49-1aafa0826927
8cffd924-17ed-45b6-bc65-d6de425be594,61643b1e-2fb1-4650-8e12-eb5068715b09
8cffd924-17ed-45b6-bc65-d6de425be594,b754f81d-d53d-4e16-8871-88775dfb1fe8
8cffd924-17ed-45b6-bc65-d6de425be594,dc9f11c4-58f3-4de2-8ba7-15bb9ab8d855
8cffd924-17ed-45b6-bc65-d6de425be594,0adf8ab2-2a1c-45fd-99d4-0f1ae2cc88d9
8cffd924-17ed-45b6-bc65-d6de425be594,adf9b1ad-ff1a-4be2-a7fc-2881f1cffd2e
8cffd924-17ed-45b6-bc65-d6de425be594,583d100f-189d-40ba-805a-b7861ed7ca63
8cffd924-17ed-45b6-bc65-d6de425be594,6a68b90d-b78f-4be7-bdc9-8fc6b989ec4e
8cffd924-17ed-45b6-bc65-d6de425be594,0d2a0f70-d867-4aaa-a851-16f6f8d0e212
8cffd924-17ed-45b6-bc65-d6de425be594,ffa3f21e-ef36-4e32-9e49-77a447cc385b
8cffd924-17ed-45b6-bc65-d6de425be594,71cf0fb2-17e4-4d58-b025-c4f3ad28a5fb
8cffd924-17ed-45b6-bc65-d6de425be594,18d6cc54-a769-4793-a6b2-3a906e6fedd6
8cffd924-17ed-45b6-bc65-d6de425be594,89162145-3c70-4151-a7b7-b40fa620d633
8cffd924-17ed-45b6-bc65-d6de425be594,e4d0566a-6d23-4444-bebd-a2d114e005ea
8cffd924-17ed-45b6-bc65-d6de425be594,f783270b-bb59-4a05-9af1-85b730161ef4
8cffd924-17ed-45b6-bc65-d6de425be594,63fb0956-832d-49a7-ad8f-590673be2626
8cffd924-17ed-45b6-bc65-d6de425be594,2b3c34c1-2e90-4f97-a1f7-55ef60ae783b
8cffd924-17ed-45b6-bc65-d6de425be594,9f638579-a14d-4c61-94ce-299cbecf0c06
8cffd924-17ed-45b6-bc65-d6de425be594,40ea5420-b193-4d97-8a08-8610430057fb
8cffd924-17ed-45b6-bc65-d6de425be594,3c36911a-1462-4afe-a165-51490ca817bb
8cffd924-17ed-45b6-bc65-d6de425be594,df3b7abe-cce9-4087-bec2-9cdd965bb046
8cffd924-17ed-45b6-bc65-d6de425be594,1ef7bdfd-05e8-43d0-b9b7-ba6253308633
8cffd924-17ed-45b6-bc65-d6de425be594,1fbfd62b-573a-48d4-ad2d-8d3b8098b494
8cffd924-17ed-45b6-bc65-d6de425be594,637c42ed-02df-41dd-82dd-7e2cc3e8155b
8cffd924-17ed-45b6-bc65-d6de425be594,7bcb4648-7091-4b24-9807-6f90badf6431
8cffd924-17ed-45b6-bc65-d6de425be594,4d3bd265-9f53-4877-a1bb-cd90e3e43701
8cffd924-17ed-45b6-bc65-d6de425be594,a1cedd77-829f-4888-8bf3-8e05b6cec34f
8cffd924-17ed-45b6-bc65-d6de425be594,30fc7fc1-6fba-450f-b322-f82e53f47911
8cffd924-17ed-45b6-bc65-d6de425be594,bfb4058f-4979-4f42-8a02-f26f41684bfb
8cffd924-17ed-45b6-bc65-d6de425be594,6172db1f-eb43-46a6-8ac0-574a60050d21
8cffd924-17ed-45b6-bc65-d6de425be594,d4c99060-15a4-44e4-b6a9-bd3508b34fac
8cffd924-17ed-45b6-bc65-d6de425be594,7ba70516-4fdd-44be-bdb0-904f0edf9759
8cffd924-17ed-45b6-bc65-d6de425be594,ef6df894-e958-44ad-9c83-5fa258b6afc7
8cffd924-17ed-45b6-bc65-d6de425be594,b62e0036-8d3b-493d-9d58-2970696dbe3c
8cffd924-17ed-45b6-bc65-d6de425be594,be4631cc-2ab7-435a-b1c1-88743942908d
8cffd924-17ed-45b6-bc65-d6de425be594,0d09ad6f-6b41-40b2-a1ba-59da050d0a35
8cffd924-17ed-45b6-bc65-d6de425be594,f5deb3f8-de83-4e91-999e-d48a0f3abdec
8cffd924-17ed-45b6-bc65-d6de425be594,a5b9e0cf-bd80-4486-892b-0366d51fc15f
8cffd924-17ed-45b6-bc65-d6de425be594,9cd5d958-e009-4135-bcfc-23758adf0539
8cffd924-17ed-45b6-bc65-d6de425be594,ebee163e-23d8-418a-bbd7-8766865efabf
8cffd924-17ed-45b6-bc65-d6de425be594,e223afdc-fe2a-41fc-9090-454ce2ec5309
8cffd924-17ed-45b6-bc65-d6de425be594,575f17aa-426e-4255-8751-c9ddffd45dce
8cffd924-17ed-45b6-bc65-d6de425be594,766c8238-0036-4447-ad37-ae4ed2c73e76
8cffd924-17ed-45b6-bc65-d6de425be594,26022c8f-c0f2-4a3f-bf0b-9925ee5afdfa
8cffd924-17ed-45b6-bc65-d6de425be594,a01ee5f2-2912-48d6-8ad7-17eccf59ec4b
8cffd924-17ed-45b6-bc65-d6de425be594,eae25cdd-f6dc-43b7-9996-15a1ce10903e
8cffd924-17ed-45b6-bc65-d6de425be594,1e46c7dc-b524-43ca-b80c-085668a3e434
8cffd924-17ed-45b6-bc65-d6de425be594,ba74e422-d783-4f87-b00c-509ce1402044
8cffd924-17ed-45b6-bc65-d6de425be594,9fa83e09-1c00-4d68-93a8-de2cbf1e3ec1
8cffd924-17ed-45b6-bc65-d6de425be594,a0e3ab19-6943-44e8-8506-62cfed8b7a81
8cffd924-17ed-45b6-bc65-d6de425be594,2ec4dee5-3b06-44e7-8ca7-373c3412a89d
8cffd924-17ed-45b6-bc65-d6de425be594,efe8715c-23a0-425a-9214-e1d34fef174a
8cffd924-17ed-45b6-bc65-d6de425be594,6928a9f1-dd1c-405a-8112-b2cf4c96795f
8cffd924-17ed-45b6-bc65-d6de425be594,efd60c43-d114-41cf-ba8c-8455717514d3
8cffd924-17ed-45b6-bc65-d6de425be594,563de77d-8255-4f44-8934-3b714f89deb1
8cffd924-17ed-45b6-bc65-d6de425be594,04839d6e-bae3-4c54-a45a-4269a510463f
8cffd924-17ed-45b6-bc65-d6de425be594,0a6d057e-9793-4f2a-857e-8ab4736738db
8cffd924-17ed-45b6-bc65-d6de425be594,d059fbd0-b348-485c-9e99-c4d07ec47132
8cffd924-17ed-45b6-bc65-d6de425be594,0f2f33e8-0d44-46b5-a55a-01a2ad9f9a6c
8cffd924-17ed-45b6-bc65-d6de425be594,3466e0b1-4ea4-4fe7-b68d-e37cdea25a82
8cffd924-17ed-45b6-bc65-d6de425be594,43986c5e-c75f-45f7-97bf-75c5f8e3957e
8cffd924-17ed-45b6-bc65-d6de425be594,20dc52b4-1e30-4f66-b4fe-5655617edca4
4d63f554-c3bb-48b2-b967-a264498c368b,50b8a53b-1087-402e-adce-e69917dc715a
4d63f554-c3bb-48b2-b967-a264498c368b,0ddd8b5d-16a1-46bd-9296-aca528a985fa
4d63f554-c3bb-48b2-b967-a264498c368b,f8baabaf-a0b2-4921-9a0f-c0ac32b44df0
4d63f554-c3bb-48b2-b967-a264498c368b,18c134db-0eb2-42de-8a44-c87ab281e807
4d63f554-c3bb-48b2-b967-a264498c368b,eb2cd84a-3316-4f51-a3d4-33dec8d53545
4d63f554-c3bb-48b2-b967-a264498c368b,6282a649-1c62-45ff-a24d-437d70e5be1d
4d63f554-c3bb-48b2-b967-a264498c368b,b2c8317c-0aa5-4705-b966-4f6078c9672b
4d63f554-c3bb-48b2-b967-a264498c368b,75e7f39f-1e8d-41ac-800a-f6c8d6e93900
4d63f554-c3bb-48b2-b967-a264498c368b,8c371749-7dd7-4677-a873-548feb97f2f3
4d63f554-c3bb-48b2-b967-a264498c368b,b13dac0d-5dd9-4ab7-9795-f7f155d135ef
4d63f554-c3bb-48b2-b967-a264498c368b,0fd20629-7522-49af-962e-4a64fca7f8b8
4d63f554-c3bb-48b2-b967-a264498c368b,6ec7fe55-0fe8-4d94-b9b0-de966edc6b19
4d63f554-c3bb-48b2-b967-a264498c368b,90d15412-617c-4ed5-9d41-b0aa9ac7a4e3
4d63f554-c3bb-48b2-b967-a264498c368b,1535eb61-fe65-4713-bbf4-958bb023707b
4d63f554-c3bb-48b2-b967-a264498c368b,c205d58a-17a6-4245-a524-458665e3f203
4d63f554-c3bb-48b2-b967-a264498c368b,3a8e77bf-fc9d-4b6a-92a7-20ccf58c7afd
4d63f554-c3bb-48b2-b967-a264498c368b,30f513cb-bfe5-4947-a01f-4baf6641eebc
4d63f554-c3bb-48b2-b967-a264498c368b,24b3220a-3fde-42fc-9250-d4f71411be05
4d63f554-c3bb-48b2-b967-a264498c368b,ec62b407-f718-448a-b882-48a6cc807797
4d63f554-c3bb-48b2-b967-a264498c368b,372a7957-759d-4fe5-b782-b268e0b21ad4
4d63f554-c3bb-48b2-b967-a264498c368b,49e8370b-8195-4abb-aee9-69f168d1e8a3
4d63f554-c3bb-48b2-b967-a264498c368b,036d1395-a12e-42ea-91ae-c522e926a1f9
4d63f554-c3bb-48b2-b967-a264498c368b,d03fb695-dd04-4c4a-ae2e-cfea3c991142
4d63f554-c3bb-48b2-b967-a264498c368b,bd80fe13-3839-4f06-90d7-793836d88e0f
4d63f554-c3bb-48b2-b967-a264498c368b,dbc63dcc-aaf7-4cdf-84e8-c38adef5db2d
4d63f554-c3bb-48b2-b967-a264498c368b,8fbccd61-5f36-4cc8-a3af-1e409aede5d9
4d63f554-c3bb-48b2-b967-a264498c368b,0f674ad0-df6d-4ab3-8447-ce8505bee66c
4d63f554-c3bb-48b2-b967-a264498c368b,67665bb0-8cfe-4618-a038-e731764dd486
4d63f554-c3bb-48b2-b967-a264498c368b,8c7ef811-de85-49f7-8bdc-564f5393e264
4d63f554-c3bb-48b2-b967-a264498c368b,d7024746-1d0f-4ff1-b058-5e98c7cd0fb7
4d63f554-c3bb-48b2-b967-a264498c368b,5f1f834f-4488-492c-9c3e-c317b24cc713
4d63f554-c3bb-48b2-b967-a264498c368b,96f0d307-4bd5-4fdd-8633-cd8ad7471725
4d63f554-c3bb-48b2-b967-a264498c368b,72aaeeb2-2a2f-4971-bfc8-d82fd42f1fab
4d63f554-c3bb-48b2-b967-a264498c368b,5bb121e1-865b-425d-a15a-80b38046650a
4d63f554-c3bb-48b2-b967-a264498c368b,9520fb18-0544-4f7a-9b08-37f5d7493ddb
4d63f554-c3bb-48b2-b967-a264498c368b,cbb57c1a-b02d-48e1-a5e0-1fe59982299c
4d63f554-c3bb-48b2-b967-a264498c368b,937a72df-f84f-400b-ac36-dccb46a2d96b
4d63f554-c3bb-48b2-b967-a264498c368b,5e0e17be-bfc2-4867-9ed9-b6958d4a44b6
4d63f554-c3bb-48b2-b967-a264498c368b,b0c6360d-f68f-44ad-a4de-9c67efd47f5f
4d63f554-c3bb-48b2-b967-a264498c368b,e61a16d0-82af-4a6b-b153-55280ee8f3a9
4d63f554-c3bb-48b2-b967-a264498c368b,5f4dce91-3963-46e2-9c11-43827a709bc6
4d63f554-c3bb-48b2-b967-a264498c368b,e0f2ee88-1333-413d-9b00-40cedc7bc0de
4d63f554-c3bb-48b2-b967-a264498c368b,0490cb1b-45bc-4b1b-97a3-1d38693c0126
4d63f554-c3bb-48b2-b967-a264498c368b,4885f8f2-9add-4f98-92d1-75dfb89bc769
4d63f554-c3bb-48b2-b967-a264498c368b,b76bb37a-9bdf-4b05-a8a5-57bf6288e80d
4d63f554-c3bb-48b2-b967-a264498c368b,b8980bc8-2e22-4d5c-9c35-49cb7eae2293
4d63f554-c3bb-48b2-b967-a264498c368b,3a4439c0-99c1-423b-b5ca-532f398ccfc3
4d63f554-c3bb-48b2-b967-a264498c368b,9e729f60-a41c-4f40-90a7-287b5657e2d2
4d63f554-c3bb-48b2-b967-a264498c368b,3962453b-8065-49f0-8e18-19ce46abb0f3
4d63f554-c3bb-48b2-b967-a264498c368b,fe1d9e59-8721-4915-9cf2-40b081a064af
4d63f554-c3bb-48b2-b967-a264498c368b,3c7a9392-e93e-4551-a41a-81cf2c5392fb
4d63f554-c3bb-48b2-b967-a264498c368b,d8e8c33c-b2b8-43f1-aafd-9bb3b9fb8019
4d63f554-c3bb-48b2-b967-a264498c368b,d315da4e-2b63-441c-a4f6-2e19a9a1edb9
4d63f554-c3bb-48b2-b967-a264498c368b,fe134676-a966-455d-833d-89747fdd3441
4d63f554-c3bb-48b2-b967-a264498c368b,9dea3b25-ca95-4185-b098-6443bc60464f
4d63f554-c3bb-48b2-b967-a264498c368b,b1a67d15-3820-4733-b195-3782c71066ef
4d63f554-c3bb-48b2-b967-a264498c368b,a480dab2-e4e4-47d2-8759-88938597dcfa
4d63f554-c3bb-48b2-b967-a264498c368b,6596b8c6-f7a2-4756-a8f8-f18e0c6d53d6
4d63f554-c3bb-48b2-b967-a264498c368b,3c0f256c-0386-4fa4-98bc-77b7bd36be28
4d63f554-c3bb-48b2-b967-a264498c368b,c6a86846-b7d7-445a-b351-822bef211674
4d63f554-c3bb-48b2-b967-a264498c368b,1c0d3595-73a6-42db-8e6e-dfcc0ea60ea7
4d63f554-c3bb-48b2-b967-a264498c368b,18d12b0c-35f7-49d4-94b6-2add78d44f6e
4d63f554-c3bb-48b2-b967-a264498c368b,789bea1c-56a3-4293-b7c5-aef2cf9b9d5c
4d63f554-c3bb-48b2-b967-a264498c368b,cafbfd18-01a6-461e-9ce6-0e578aa48fb1
4d63f554-c3bb-48b2-b967-a264498c368b,d6541d0d-a753-4629-b491-ccc2a275e169
4d63f554-c3bb-48b2-b967-a264498c368b,d695d2f7-cb03-4842-abc9-33dd4ebace47
4d63f554-c3bb-48b2-b967-a264498c368b,e346a98b-f840-4393-ba9d-80e754489788
4d63f554-c3bb-48b2-b967-a264498c368b,4679d5cc-937c-4a3e-9b26-7c2a21ebdfec
4d63f554-c3bb-48b2-b967-a264498c368b,552c7d2c-8dbb-4e58-b2e5-92bd803f34f8
4d63f554-c3bb-48b2-b967-a264498c368b,981c885b-d1d8-4b84-8435-828b9b8ede8d
4d63f554-c3bb-48b2-b967-a264498c368b,a00024b9-e547-4906-8e30-a1ede237000e
4d63f554-c3bb-48b2-b967-a264498c368b,afb3bfba-2caa-407c-bab6-02562423bf36
4d63f554-c3bb-48b2-b967-a264498c368b,7e2e3010-96ed-43df-be22-a21142b7cf9b
4d63f554-c3bb-48b2-b967-a264498c368b,3350f6bb-340e-443a-b93e-44ae4dcd01d9
4d63f554-c3bb-48b2-b967-a264498c368b,e6c1fd56-ee61-45dc-a478-1fc94fb664f4
4d63f554-c3bb-48b2-b967-a264498c368b,fde424eb-c0f5-4f43-9d80-d9f79da5c628
4d63f554-c3bb-48b2-b967-a264498c368b,fa8a0cb0-7c25-4e2b-b792-9fcb0521304b
4d63f554-c3bb-48b2-b967-a264498c368b,1a74e2e7-a400-4c0e-a7d9-7a397a686ae7
4d63f554-c3bb-48b2-b967-a264498c368b,fe4491de-4312-4021-980d-8bcbd6441e58
4d63f554-c3bb-48b2-b967-a264498c368b,533ea2ce-6d00-4a05-a98a-76fb9383d2af
4d63f554-c3bb-48b2-b967-a264498c368b,9ee7dd1e-33e2-44e6-abb9-72d4a29275c6
4d63f554-c3bb-48b2-b967-a264498c368b,5e6b95a9-0e57-40de-947c-8add277a6bcf
4d63f554-c3bb-48b2-b967-a264498c368b,3d3821e7-f9b6-4938-ae78-79f1f877b973
4d63f554-c3bb-48b2-b967-a264498c368b,10aee027-d731-4dbe-801a-ed4c016689c5
4d63f554-c3bb-48b2-b967-a264498c368b,17e21119-df48-4803-8fa2-27f044d14410
4d63f554-c3bb-48b2-b967-a264498c368b,5e0e4edb-c215-4304-b359-b64ce3bbe212
4d63f554-c3bb-48b2-b967-a264498c368b,ff968aec-34a4-4f5b-8b49-04dfe0ed4c38
4d63f554-c3bb-48b2-b967-a264498c368b,03938720-2999-490c-b18f-5d0a64b8514d
4d63f554-c3bb-48b2-b967-a264498c368b,a4447080-1c16-46ab-accc-81e112b0f78a
06e58ff5-5264-4eb8-bd35-60cbb0f48f41,016d3d28-afbf-4723-9d46-401203bcf73b
06e58ff5-5264-4eb8-bd35-60cbb0f48f41,5fe79f25-554c-4ca2-aec8-8693cedebe9d
06e58ff5-5264-4eb8-bd35-60cbb0f48f41,e6700f32-7a91-460c-a6e3-c45dc763db30
06e58ff5-5264-4eb8-bd35-60cbb0f48f41,e1c0e81a-166c-4506-be98-94822cf3aa41
06e58ff5-5264-4eb8-bd35-60cbb0f48f41,a378b773-bce8-4501-80d2-3b566aea01df
06e58ff5-5264-4eb8-bd35-60cbb0f48f41,bc670435-e9d0-46a3-9355-83e5bbb178f9
06e58ff5-5264-4eb8-bd35-60cbb0f48f41,cd9b4ce2-ec59-4541-a528-3ce13e4472f8
06e58ff5-5264-4eb8-bd35-60cbb0f48f41,c10a7b93-b706-4a9a-a44e-236af83e4afd
06e58ff5-5264-4eb8-bd35-60cbb0f48f41,44461489-dff2-47b8-b891-f03d9f94adba
06e58ff5-5264-4eb8-bd35-60cbb0f48f41,7408a508-2577-4d6f-9d3a-218d049fb82c
06e58ff5-5264-4eb8-bd35-60cbb0f48f41,6083d836-87c4-4a31-a8f3-f1ddc58d9e5c
06e58ff5-5264-4eb8-bd35-60cbb0f48f41,0d4b43a3-90f0-4bc5-8b62-68a74d942622
06e58ff5-5264-4eb8-bd35-60cbb0f48f41,55a2f913-105a-4dd7-ab05-13884929e0fb
06e58ff5-5264-4eb8-bd35-60cbb0f48f41,da6743a3-8538-4623-b54b-b8174e71aaa3
06e58ff5-5264-4eb8-bd35-60cbb0f48f41,d9873ce5-8c4b-4a4f-8c05-21803a1755c5
06e58ff5-5264-4eb8-bd35-60cbb0f48f41,e6f73901-de6b-4653-a90e-cd81bdfc1913
06e58ff5-5264-4eb8-bd35-60cbb0f48f41,1eb5efe2-2874-4d4b-9683-a9844198a3cc
06e58ff5-5264-4eb8-bd35-60cbb0f48f41,fb1308f3-14b4-495b-b870-d9cf5529d9db
06e58ff5-5264-4eb8-bd35-60cbb0f48f41,77fd3eb8-3d5c-46a1-8d54-6fd9273b0c2c
06e58ff5-5264-4eb8-bd35-60cbb0f48f41,a1b0a73a-6cd6-4c25-a953-76b30c6ebd8a
06e58ff5-5264-4eb8-bd35-60cbb0f48f41,f08893b7-fdf2-4ed7-85d5-1389a9159174
06e58ff5-5264-4eb8-bd35-60cbb0f48f41,c7f02693-fd3d-465c-b774-ab2c4a77be4e
06e58ff5-5264-4eb8-bd35-60cbb0f48f41,f7b6b89a-2e6d-44af-8009-6adcf132b986
06e58ff5-5264-4eb8-bd35-60cbb0f48f41,367af438-faf7-466d-9c43-5a93c7be6577
06e58ff5-5264-4eb8-bd35-60cbb0f48f41,fe6180e1-bee6-4820-8de4-c6a1ac980544
06e58ff5-5264-4eb8-bd35-60cbb0f48f41,c41f7803-e341-479f-99d5-0976ad6bda70
06e58ff5-5264-4eb8-bd35-60cbb0f48f41,281ef93f-51dc-4bc5-95f9-d7afbb30f246
06e58ff5-5264-4eb8-bd35-60cbb0f48f41,70614e12-4f42-4d0f-becc-14887e9821f6
06e58ff5-5264-4eb8-bd35-60cbb0f48f41,8557dc8f-e3bf-40e3-a874-d9c6d44cc3ca
06e58ff5-5264-4eb8-bd35-60cbb0f48f41,458b9f10-0698-47dc-bb44-aa83b6a579fc
06e58ff5-5264-4eb8-bd35-60cbb0f48f41,5f1d5347-b109-42fb-ad40-cd2eaa2f277e
06e58ff5-5264-4eb8-bd35-60cbb0f48f41,ce8222e6-0b6d-4642-a652-7fc967d3744a
06e58ff5-5264-4eb8-bd35-60cbb0f48f41,ef516b6c-15f4-45d5-8502-b7db7ae66209
06e58ff5-5264-4eb8-bd35-60cbb0f48f41,bd9ea8a4-091f-4915-9f64-cbbb20502094
06e58ff5-5264-4eb8-bd35-60cbb0f48f41,4589d755-1912-477d-9a8d-cc44a7fe85d4
06e58ff5-5264-4eb8-bd35-60cbb0f48f41,a40aa4b7-4398-453c-9058-711913a2185c
06e58ff5-5264-4eb8-bd35-60cbb0f48f41,51d8ac84-d8c6-4e85-a1ff-d9a1c0c09491
06e58ff5-5264-4eb8-bd35-60cbb0f48f41,abc937bf-4e23-4c0c-a06b-65c80d465dc3
06e58ff5-5264-4eb8-bd35-60cbb0f48f41,228d8891-d5a2-487d-a0be-aabcd3c89b22
06e58ff5-5264-4eb8-bd35-60cbb0f48f41,a76b9d5c-d4d0-45a2-94a9-f33586982f44
06e58ff5-5264-4eb8-bd35-60cbb0f48f41,df3a8e25-54a1-4763-9724-f1fbbdf37651
06e58ff5-5264-4eb8-bd35-60cbb0f48f41,ae95710f-a3ee-47e0-a17a-cab93fda4b10
06e58ff5-5264-4eb8-bd35-60cbb0f48f41,786d325f-bb71-4fcf-9247-1bfb685defae
06e58ff5-5264-4eb8-bd35-60cbb0f48f41,85d33a24-a4ac-4450-b0b8-58ec3fa8d4b5
06e58ff5-5264-4eb8-bd35-60cbb0f48f41,f1496053-0951-4383-a7af-e58c17af02ef
06e58ff5-5264-4eb8-bd35-60cbb0f48f41,b6f19c16-58ca-4914-87b0-63736b510bf3
06e58ff5-5264-4eb8-bd35-60cbb0f48f41,df351e6a-44bb-496e-b53b-8806147acc1f
06e58ff5-5264-4eb8-bd35-60cbb0f48f41,a9e8bb90-6ddb-4bf6-981b-3c11354aa8e8
06e58ff5-5264-4eb8-bd35-60cbb0f48f41,a816b784-7f10-4424-9d62-ac0f92e9540f
06e58ff5-5264-4eb8-bd35-60cbb0f48f41,695aaeb9-4a5d-4526-92ce-fbd06ef0994c
06e58ff5-5264-4eb8-bd35-60cbb0f48f41,0c8cea1d-9ec7-4de5-a605-0ba055c65668
06e58ff5-5264-4eb8-bd35-60cbb0f48f41,53b1d7ea-756f-496e-8dbe-104872b57949
06e58ff5-5264-4eb8-bd35-60cbb0f48f41,6ea8fe30-8d90-48d8-a512-6711063287b7
06e58ff5-5264-4eb8-bd35-60cbb0f48f41,e920ecaa-4556-470e-95e8-9bbdf6f4da8f
06e58ff5-5264-4eb8-bd35-60cbb0f48f41,549e26e6-bc55-49f8-b83c-24262baca578
06e58ff5-5264-4eb8-bd35-60cbb0f48f41,841b2b09-5452-4664-b7a9-ffa17fd972db
06e58ff5-5264-4eb8-bd35-60cbb0f48f41,91bdb273-f5e6-4699-8f46-669e7a74ef31
06e58ff5-5264-4eb8-bd35-60cbb0f48f41,2135f0dc-1ede-4b57-b6ad-5946f13c4378
06e58ff5-5264-4eb8-bd35-60cbb0f48f41,02fe306d-3bea-44eb-b257-2050996b5970
06e58ff5-5264-4eb8-bd35-60cbb0f48f41,c474cc3c-e4f9-423f-a12e-605bc3e2c6a4
06e58ff5-5264-4eb8-bd35-60cbb0f48f41,8d135665-b085-496d-a49a-a1f5180182b7
06e58ff5-5264-4eb8-bd35-60cbb0f48f41,ee9d36fc-efa6-4c7d-82a4-dcd3f236051b
06e58ff5-5264-4eb8-bd35-60cbb0f48f41,60b08d6e-d07f-4a5b-8d68-d0d3fdd2c0e3
06e58ff5-5264-4eb8-bd35-60cbb0f48f41,f4791939-84ad-4f28-a116-8620496f40ff
06e58ff5-5264-4eb8-bd35-60cbb0f48f41,934d8be7-f349-42b0-9dad-bb63e2404828
06e58ff5-5264-4eb8-bd35-60cbb0f48f41,43f2afad-04a1-41a8-92f0-9fcc867f079a
06e58ff5-5264-4eb8-bd35-60cbb0f48f41,c042e915-ce68-45f4-b885-bf7ee2e6cae4
06e58ff5-5264-4eb8-bd35-60cbb0f48f41,34c07316-ba50-424c-ace1-b1b0c3d0e376
06e58ff5-5264-4eb8-bd35-60cbb0f48f41,4d5f7c31-5191-4a77-9148-d61e36994ce0
06e58ff5-5264-4eb8-bd35-60cbb0f48f41,4f031bbf-aec0-4cd8-91f9-8163d516d149
06e58ff5-5264-4eb8-bd35-60cbb0f48f41,2c2c9790-5a99-4b64-a7bd-3ece30c1b608
06e58ff5-5264-4eb8-bd35-60cbb0f48f41,a980692e-7a38-423d-9572-df2ed0390450
06e58ff5-5264-4eb8-bd35-60cbb0f48f41,9f283a3a-088c-41cc-ab8a-880209e56137
06e58ff5-5264-4eb8-bd35-60cbb0f48f41,0736cfe6-e1b5-4efe-b61e-4e1d57f3a5d2
06e58ff5-5264-4eb8-bd35-60cbb0f48f41,4111229a-e899-47c0-bad5-e1ce94cba85c
06e58ff5-5264-4eb8-bd35-60cbb0f48f41,08bd659c-7b04-477a-997b-3576cd536fb5
06e58ff5-5264-4eb8-bd35-60cbb0f48f41,3b2e8ca4-0de4-4e02-854c-669cda3a86ff
06e58ff5-5264-4eb8-bd35-60cbb0f48f41,5ddf1f48-92d3-45cf-a750-52fea430b9f5
06e58ff5-5264-4eb8-bd35-60cbb0f48f41,fa4d4c08-3649-43d7-a184-489d78fa1f25
06e58ff5-5264-4eb8-bd35-60cbb0f48f41,b4578f1c-5593-4600-8885-b97df5e9a688
06e58ff5-5264-4eb8-bd35-60cbb0f48f41,37addadd-db78-42fd-8704-f6a3376aae97
06e58ff5-5264-4eb8-bd35-60cbb0f48f41,a9a7c4a9-0cf8-48ab-a06d-a0a51ad98365
06e58ff5-5264-4eb8-bd35-60cbb0f48f41,639450a9-54ac-43c8-b6a7-9d36b15c3a11
1f8d9744-a5a3-4622-837a-97ca322e363b,7c1aa46e-4d5d-44c8-9be1-8dddb38d20fc
1f8d9744-a5a3-4622-837a-97ca322e363b,5f71e598-37e0-4b33-aa9a-e3c1c26df99d
1f8d9744-a5a3-4622-837a-97ca322e363b,703fdc7a-0b80-43f1-a22c-d43aea0d20f4
1f8d9744-a5a3-4622-837a-97ca322e363b,01e21014-7e9a-4fc9-b795-2867c02c4227
1f8d9744-a5a3-4622-837a-97ca322e363b,1256e56d-cac2-4d59-b823-dd4a0db156cd
1f8d9744-a5a3-4622-837a-97ca322e363b,02214978-4bca-463f-ab82-065a02c4f09b
1f8d9744-a5a3-4622-837a-97ca322e363b,087a7da4-b852-482f-be49-a9c5bc93f506
1f8d9744-a5a3-4622-837a-97ca322e363b,5aa77b42-437e-47ed-8e52-7a1d5b1ba6d5
1f8d9744-a5a3-4622-837a-97ca322e363b,0b5104df-5a5a-44ef-96dd-7922f6be1875
1f8d9744-a5a3-4622-837a-97ca322e363b,d5b9fde3-406d-4578-b268-bbae82bad4cd
1f8d9744-a5a3-4622-837a-97ca322e363b,6fed1d7d-8919-473c-980b-8df75a984ed4
1f8d9744-a5a3-4622-837a-97ca322e363b,6d98feb9-b3ed-478b-b92c-0772286826b2
1f8d9744-a5a3-4622-837a-97ca322e363b,eab3186f-1eef-428c-b683-407d3a2eb24e
1f8d9744-a5a3-4622-837a-97ca322e363b,83352a74-7c70-4e46-acbe-864f4333a435
1f8d9744-a5a3-4622-837a-97ca322e363b,3835fe80-f2ab-4d8a-aa01-7e4a4e09ee0e
1f8d9744-a5a3-4622-837a-97ca322e363b,b3acfd00-44d9-4813-b64e-aa0aa81bb6c3
1f8d9744-a5a3-4622-837a-97ca322e363b,9e74d95e-b3a9-43a1-b790-37de9b1b9311
1f8d9744-a5a3-4622-837a-97ca322e363b,842160b2-bb1c-4b39-b7ac-32b47fe7f43c
1f8d9744-a5a3-4622-837a-97ca322e363b,83c50242-9141-4414-99f3-b58a07acc421
1f8d9744-a5a3-4622-837a-97ca322e363b,ca780028-3868-4165-880b-3c184b23af64
1f8d9744-a5a3-4622-837a-97ca322e363b,59331d8f-bd78-4348-b761-7d3d01eeb5f9
1f8d9744-a5a3-4622-837a-97ca322e363b,def82e7c-2b09-41cb-9977-eef003152862
1f8d9744-a5a3-4622-837a-97ca322e363b,6ee68c38-a0fa-4f1c-ae25-5ee066d6a218
1f8d9744-a5a3-4622-837a-97ca322e363b,aa421e78-11a1-4c46-af98-20cabba7daee
1f8d9744-a5a3-4622-837a-97ca322e363b,e5a66d5d-1140-4586-b497-4ba057de625c
1f8d9744-a5a3-4622-837a-97ca322e363b,d00ace0d-9e5c-453a-90f1-af21c95fcf73
1f8d9744-a5a3-4622-837a-97ca322e363b,abe93b90-bfca-4bae-864f-b48655a784a1
1f8d9744-a5a3-4622-837a-97ca322e363b,bc548a5b-663a-47fc-8a7e-aaa492054898
1f8d9744-a5a3-4622-837a-97ca322e363b,7beecd4a-eedd-45d7-bccb-55665011ce44
1f8d9744-a5a3-4622-837a-97ca322e363b,633ac816-ace7-41a9-b9f3-3d8c6cee7873
1f8d9744-a5a3-4622-837a-97ca322e363b,f5663bc9-55db-483e-872e-57a22371c032
1f8d9744-a5a3-4622-837a-97ca322e363b,f7ecb81c-4cd1-4b37-a8ab-5ef6cf44ef87
1f8d9744-a5a3-4622-837a-97ca322e363b,6540cb6b-777a-4066-9e48-d5fbfd87eef3
1f8d9744-a5a3-4622-837a-97ca322e363b,b89c62d0-388b-43d3-a0da-77cf0aa06dcb
1f8d9744-a5a3-4622-837a-97ca322e363b,dbb0b018-9452-45dc-9f91-d8d23b20d5b3
1f8d9744-a5a3-4622-837a-97ca322e363b,030cff95-e1a7-4830-8504-cc47e6c5743e
1f8d9744-a5a3-4622-837a-97ca322e363b,e4a85e7c-b26d-4c4b-99b1-d3ceef4f1ea0
1f8d9744-a5a3-4622-837a-97ca322e363b,d9a84b27-50be-4725-9dbc-31d5d03b2309
1f8d9744-a5a3-4622-837a-97ca322e363b,3a8572da-555f-43e7-a592-e78e3e524681
1f8d9744-a5a3-4622-837a-97ca322e363b,f3cec787-f6e0-4fb3-b476-cc15f8b58eef
1f8d9744-a5a3-4622-837a-97ca322e363b,b386b6bd-ee6a-4e0f-82f2-06dea9933984
1f8d9744-a5a3-4622-837a-97ca322e363b,9decf048-6d74-4c8c-9d90-a0ec32464f83
1f8d9744-a5a3-4622-837a-97ca322e363b,36fe401c-629b-48d1-90ee-25047dcfbe8f
1f8d9744-a5a3-4622-837a-97ca322e363b,e292ece6-ae5c-429c-832e-b4898a069d21
1f8d9744-a5a3-4622-837a-97ca322e363b,9eebc3a2-e51e-4423-b6c2-1bc33707dee8
1f8d9744-a5a3-4622-837a-97ca322e363b,52b5fa2c-16e0-48b6-bc99-e9600edac709
1f8d9744-a5a3-4622-837a-97ca322e363b,8f27338c-2d02-4f71-8aca-03f4847ea275
1f8d9744-a5a3-4622-837a-97ca322e363b,aee596c4-e155-49d3-9219-810861ed75ca
1f8d9744-a5a3-4622-837a-97ca322e363b,4dae6e94-e167-441c-ac02-572c42acc6de
1f8d9744-a5a3-4622-837a-97ca322e363b,117f6f41-a7db-4378-858d-b09aee8005d0
1f8d9744-a5a3-4622-837a-97ca322e363b,954d5891-b6ff-404e-bb18-545e574d3525
1f8d9744-a5a3-4622-837a-97ca322e363b,02e79a75-d326-4b3f-b44e-c260a4697fe7
1f8d9744-a5a3-4622-837a-97ca322e363b,26716d0b-5a0c-4089-8c5a-25eb26fb7820
1f8d9744-a5a3-4622-837a-97ca322e363b,36819690-b037-4417-8848-246d0bd07343
1f8d9744-a5a3-4622-837a-97ca322e363b,3d4a4e44-e0cb-404e-8ff2-bca2424e1240
1f8d9744-a5a3-4622-837a-97ca322e363b,2f90a861-235e-4992-94e2-ba28fe69ca43
1f8d9744-a5a3-4622-837a-97ca322e363b,a6599da9-7b6e-484d-aa42-4da13c6cb79e
1f8d9744-a5a3-4622-837a-97ca322e363b,21e371e9-a8e7-43d6-b9a5-ec6c10e11e71
1f8d9744-a5a3-4622-837a-97ca322e363b,bc7f6e47-398b-467f-aaa3-8cc2235d3497
1f8d9744-a5a3-4622-837a-97ca322e363b,70e36107-006b-458b-94e0-8c8d43b74c37
1f8d9744-a5a3-4622-837a-97ca322e363b,40f28301-eaf8-4cc9-bd44-2393f38e3a12
1f8d9744-a5a3-4622-837a-97ca322e363b,eace113b-99c5-4a58-bab3-82aaf26ddfb4
1f8d9744-a5a3-4622-837a-97ca322e363b,2d3985f5-f556-4ec0-9890-8dffa45d94fc
1f8d9744-a5a3-4622-837a-97ca322e363b,b47af6b0-1cc5-4d72-a6a8-b10e6b89b741
1f8d9744-a5a3-4622-837a-97ca322e363b,a0e809f9-6a8e-4948-9611-c420a61d7410
1f8d9744-a5a3-4622-837a-97ca322e363b,5eceecc8-8d3c-4f3b-8417-ccd902382e22
1f8d9744-a5a3-4622-837a-97ca322e363b,77582f2d-c8c8-4149-a944-5f989b00b857
1f8d9744-a5a3-4622-837a-97ca322e363b,061e50c0-5f2b-4f04-a053-035afe4b5e46
1f8d9744-a5a3-4622-837a-97ca322e363b,2660ee51-ad05-4e8b-9e59-609ea545adad
1f8d9744-a5a3-4622-837a-97ca322e363b,f17e5090-e192-47bf-a964-98be6601b382
1f8d9744-a5a3-4622-837a-97ca322e363b,066af782-ab4c-4030-983f-4ba8ffac10f0
1f8d9744-a5a3-4622-837a-97ca322e363b,6b35351f-739b-4bda-b573-ed41e7e2014e
1f8d9744-a5a3-4622-837a-97ca322e363b,e54eaefc-ee2a-492b-bbda-608d8c91d1c9
1f8d9744-a5a3-4622-837a-97ca322e363b,25a2b21c-20f3-4a8c-8e24-60c92cccf553
1f8d9744-a5a3-4622-837a-97ca322e363b,9a9e1eb9-1c74-4630-8a0b-32253be22add
1f8d9744-a5a3-4622-837a-97ca322e363b,d70c08b9-fa0c-40fb-ae98-aad6edb22770
1f8d9744-a5a3-4622-837a-97ca322e363b,41899b74-3755-4ca4-b2e6-68746264940e
1f8d9744-a5a3-4622-837a-97ca322e363b,e283ecbf-a672-4e56-b84c-1543d743ed56
1f8d9744-a5a3-4622-837a-97ca322e363b,9a6a6c77-2fb8-4896-8e3a-eb52547ffae1
1f8d9744-a5a3-4622-837a-97ca322e363b,7f827099-59a0-4a6e-b970-ae7a469e1c6f
1f8d9744-a5a3-4622-837a-97ca322e363b,e799a540-36ab-46ab-86db-5d1cc3ea8a82
1f8d9744-a5a3-4622-837a-97ca322e363b,c859c652-bd7f-4453-91a0-e866a211f590
1f8d9744-a5a3-4622-837a-97ca322e363b,7739b376-89c1-4ecb-bc3e-7773c1a1573e
1f8d9744-a5a3-4622-837a-97ca322e363b,fc2fb7aa-1eaf-43fd-8ba8-c7eeffc52baa
1f8d9744-a5a3-4622-837a-97ca322e363b,0a67570a-13ae-405a-8d9b-a40497dfc550
1f8d9744-a5a3-4622-837a-97ca322e363b,29b26ad1-c38a-40b1-93b9-08cefb26dece
1f8d9744-a5a3-4622-837a-97ca322e363b,1e88b792-d854-4af9-bb22-8421b68d76b4
1f8d9744-a5a3-4622-837a-97ca322e363b,039373e9-dbc2-478b-90a1-cc27820c193e
1f8d9744-a5a3-4622-837a-97ca322e363b,6a33fa7a-f50a-4b94-ab70-9da95203aeb9
9544db91-595a-456e-ac6a-9935cffd9cde,91850a1d-6255-4c32-9ed8-4a4abb4edb4b
9544db91-595a-456e-ac6a-9935cffd9cde,e6ecc353-b159-4f4c-9407-bfc73171f584
9544db91-595a-456e-ac6a-9935cffd9cde,af9ad394-7d88-4d48-bdb6-c43b16570fde
9544db91-595a-456e-ac6a-9935cffd9cde,4a428c80-0085-43e4-8b0b-317384278b47
9544db91-595a-456e-ac6a-9935cffd9cde,8e11a2eb-39e1-4e55-9ced-690f9e7404d3
9544db91-595a-456e-ac6a-9935cffd9cde,861c335a-b4de-4805-8674-4c08a1ab2671
9544db91-595a-456e-ac6a-9935cffd9cde,fdcef8d7-6552-4dee-b89c-07a4bcd45ce2
9544db91-595a-456e-ac6a-9935cffd9cde,48528889-91ba-468e-86be-7b2973e8360c
9544db91-595a-456e-ac6a-9935cffd9cde,376f70a7-e760-4338-9e20-dc16d38ab735
9544db91-595a-456e-ac6a-9935cffd9cde,68306e84-1fa2-4b1f-a83e-410dbb47b9f9
9544db91-595a-456e-ac6a-9935cffd9cde,fcd55aed-37f3-44e2-a5ad-0487af386516
9544db91-595a-456e-ac6a-9935cffd9cde,0387219d-8dcf-4f16-bea7-3de74d8155bf
9544db91-595a-456e-ac6a-9935cffd9cde,49413e0b-2062-4ced-9d0b-6b045af66316
9544db91-595a-456e-ac6a-9935cffd9cde,b06456aa-6f3e-4acb-9d71-3e66168bcae7
9544db91-595a-456e-ac6a-9935cffd9cde,260e5e68-f82e-4e49-b775-9816bdcf773f
9544db91-595a-456e-ac6a-9935cffd9cde,cd7e506f-20cb-4928-8f37-1ea6bc6e6e4c
9544db91-595a-456e-ac6a-9935cffd9cde,5fa0282a-3369-432e-b943-e4d538f14381
9544db91-595a-456e-ac6a-9935cffd9cde,0c473452-a505-4df4-a3fd-6eea7ee2329e
9544db91-595a-456e-ac6a-9935cffd9cde,6b97fe3d-b5a1-4e32-a494-09b772d971e8
9544db91-595a-456e-ac6a-9935cffd9cde,b66b127e-563b-4230-9056-72908d1bdc50
9544db91-595a-456e-ac6a-9935cffd9cde,77538763-257b-4f62-9bfb-c75f5da1e410
9544db91-595a-456e-ac6a-9935cffd9cde,ac739031-67a6-4af3-b8c4-69e5d851ace5
9544db91-595a-456e-ac6a-9935cffd9cde,2cebefc5-357a-4aa2-8ba7-3b8ef0ddd6ba
9544db91-595a-456e-ac6a-9935cffd9cde,9fe26e00-dd3d-4cd2-92f8-b14fbb54e02c
9544db91-595a-456e-ac6a-9935cffd9cde,eac1f5d6-dc6f-490c-a2d5-8c772b41d2d5
9544db91-595a-456e-ac6a-9935cffd9cde,09487385-4dda-4983-a21e-3033991c3200
9544db91-595a-456e-ac6a-9935cffd9cde,95014a73-0f28-452d-89d9-48475200d209
9544db91-595a-456e-ac6a-9935cffd9cde,191ac316-a2d1-4160-9dd7-edcffc7a01ae
9544db91-595a-456e-ac6a-9935cffd9cde,14093ba3-9fa3-4415-acc0-647c18486054
9544db91-595a-456e-ac6a-9935cffd9cde,6496422d-9227-43c3-bc88-ece03a4a1ee0
9544db91-595a-456e-ac6a-9935cffd9cde,d61a31c6-1f8e-44e2-af46-b4f5413290be
9544db91-595a-456e-ac6a-9935cffd9cde,67d028b5-509b-4d52-aaa7-ca24ca1ecceb
9544db91-595a-456e-ac6a-9935cffd9cde,f6e33e42-d6e2-4b9d-8c35-24b89c232d19
9544db91-595a-456e-ac6a-9935cffd9cde,632ce5f5-5711-4b99-bf28-ed53adf6ddf6
9544db91-595a-456e-ac6a-9935cffd9cde,c0a477ad-14ee-4f97-a8b4-f1c4f2ff9e0d
9544db91-595a-456e-ac6a-9935cffd9cde,50515dc6-89fd-4dea-9174-0d1e6ee8c134
9544db91-595a-456e-ac6a-9935cffd9cde,66909fda-aa7d-4e99-affd-83d77a672258
9544db91-595a-456e-ac6a-9935cffd9cde,02ec61eb-c9b6-464b-93de-681841ff5cbd
9544db91-595a-456e-ac6a-9935cffd9cde,f113aca9-1825-46de-bbe4-59c314212308
9544db91-595a-456e-ac6a-9935cffd9cde,a9418f23-59ac-40f4-b925-3890c4e25be1
9544db91-595a-456e-ac6a-9935cffd9cde,d831d627-9008-48ee-b5e8-f60e979d381c
9544db91-595a-456e-ac6a-9935cffd9cde,3b3ccc9a-65ae-4d6a-beeb-fcc7dfaee287
9544db91-595a-456e-ac6a-9935cffd9cde,bc927db1-c17d-494d-972e-1c107888a496
9544db91-595a-456e-ac6a-9935cffd9cde,a4f5a92d-5082-4810-954f-3678df454b0d
9544db91-595a-456e-ac6a-9935cffd9cde,9a1bc618-e465-4fad-9dc7-61461ca2c378
9544db91-595a-456e-ac6a-9935cffd9cde,66bc4be0-ff21-4467-a6d5-287c83499559
9544db91-595a-456e-ac6a-9935cffd9cde,e0719949-da19-4b4f-9462-b400e36860fe
9544db91-595a-456e-ac6a-9935cffd9cde,d21bbbef-593e-43b1-b064-1c43f12145ad
9544db91-595a-456e-ac6a-9935cffd9cde,6b8f5d7d-a2ce-432a-abab-5c5a1393ad78
9544db91-595a-456e-ac6a-9935cffd9cde,8fa1eb06-2148-48bb-bb00-83cec3c2745d
9544db91-595a-456e-ac6a-9935cffd9cde,dc7d85bf-4fd2-4b9f-affd-2ee16253c95a
9544db91-595a-456e-ac6a-9935cffd9cde,1d4afc56-d9fa-47b7-88d0-064be6cee396
9544db91-595a-456e-ac6a-9935cffd9cde,c3972b01-f111-4dc3-b28e-2119db0cc3ea
9544db91-595a-456e-ac6a-9935cffd9cde,01bf1b39-a998-4807-ad1f-7442a44a4cf7
9544db91-595a-456e-ac6a-9935cffd9cde,91ecd0e2-8418-4e19-802a-b3be65225781
9544db91-595a-456e-ac6a-9935cffd9cde,38edf60f-8089-4c62-95c2-b80b02f26c53
9544db91-595a-456e-ac6a-9935cffd9cde,aa15fb75-d98a-41cf-87db-b2f24d585b63
9544db91-595a-456e-ac6a-9935cffd9cde,9f232cc6-caec-4b05-a92a-c2d2429287ee
9544db91-595a-456e-ac6a-9935cffd9cde,04b3b76a-54f2-48f3-aba4-fb67b23ab95a
9544db91-595a-456e-ac6a-9935cffd9cde,71169696-bb9d-42cd-8c27-d90cc23234c1
9544db91-595a-456e-ac6a-9935cffd9cde,b65f85af-5791-48a7-b45b-15a758511740
9544db91-595a-456e-ac6a-9935cffd9cde,521adea4-3811-4cf7-b96d-16239806b1b4
9544db91-595a-456e-ac6a-9935cffd9cde,643df331-0765-466a-8338-843681a9df12
9544db91-595a-456e-ac6a-9935cffd9cde,5bb8582a-7214-42b7-b630-7b09652d62b3
9544db91-595a-456e-ac6a-9935cffd9cde,ede3efd0-95dc-41a0-9e9d-2aa0a3fe4b36
9544db91-595a-456e-ac6a-9935cffd9cde,5d76bb1d-16bf-4171-a9b9-097714c3dc82
9544db91-595a-456e-ac6a-9935cffd9cde,82ce5ae2-e222-4c41-9f78-53b9d15bfea6
9544db91-595a-456e-ac6a-9935cffd9cde,617914b0-d4a5-4233-a515-0de046f4d36b
9544db91-595a-456e-ac6a-9935cffd9cde,943abdb3-5b2e-4c1e-9d67-221ac9130d3b
9544db91-595a-456e-ac6a-9935cffd9cde,3d90d455-2ced-48c0-b6cb-836190b0c3db
9544db91-595a-456e-ac6a-9935cffd9cde,48b3dbca-33e1-4e2c-90e6-69a3490e5618
f202c916-6ab1-4f20-b086-da0d30f2d555,3c4e56ce-96c9-44b6-a46b-e212a0d86278
f202c916-6ab1-4f20-b086-da0d30f2d555,9c72c67e-58ec-4dd1-bf0c-4bc5870fff5e
f202c916-6ab1-4f20-b086-da0d30f2d555,242e7e2b-5ecf-418a-8d86-6eedaf659dc1
f202c916-6ab1-4f20-b086-da0d30f2d555,f425d4df-ad10-4ff7-ac94-a4061a86cb37
f202c916-6ab1-4f20-b086-da0d30f2d555,8bf9f52d-9f1f-4949-9c9a-6e1d7857bcc7
f202c916-6ab1-4f20-b086-da0d30f2d555,0c9d542e-a54f-441b-a5bc-935784a67a84
f202c916-6ab1-4f20-b086-da0d30f2d555,fd0d9e11-c77a-4a88-8cdf-a80199942b31
f202c916-6ab1-4f20-b086-da0d30f2d555,553188b2-4b5d-46fb-b6b3-5bcba2e60787
f202c916-6ab1-4f20-b086-da0d30f2d555,4c56375e-15e9-4734-a7dd-185b7d417610
f202c916-6ab1-4f20-b086-da0d30f2d555,1fc65ff6-7b50-45e9-b9d9-4bba0de4747e
f202c916-6ab1-4f20-b086-da0d30f2d555,5ab8b1a8-0b7e-40af-b021-2984140ab40f
f202c916-6ab1-4f20-b086-da0d30f2d555,5aa4bca9-ceb7-45bc-8eab-581f561a3b49
f202c916-6ab1-4f20-b086-da0d30f2d555,37a4f705-2923-4af6-bd41-329ad59ad92c
f202c916-6ab1-4f20-b086-da0d30f2d555,4ea476b1-4d3e-4bb6-85fa-4608ece720f4
f202c916-6ab1-4f20-b086-da0d30f2d555,b99a3f00-f01f-4a4c-a823-52981d699ff7
f202c916-6ab1-4f20-b086-da0d30f2d555,efa3afe1-6ffb-4664-a4a7-f6fa162c3b3e
f202c916-6ab1-4f20-b086-da0d30f2d555,8a8baef9-e99c-4bc5-8140-56e897410824
f202c916-6ab1-4f20-b086-da0d30f2d555,dc162852-4688-428e-a253-c46df2dbee5f
f202c916-6ab1-4f20-b086-da0d30f2d555,490ab948-d280-45e4-a303-a60ecd0fa4dc
f202c916-6ab1-4f20-b086-da0d30f2d555,0137ea40-bcef-48b3-80a6-84305cf6927a
f202c916-6ab1-4f20-b086-da0d30f2d555,c2177b71-85f5-4bdc-85e5-a89cc85a724f
f202c916-6ab1-4f20-b086-da0d30f2d555,53c49e40-df04-489b-b127-66b65a59a7ff
f202c916-6ab1-4f20-b086-da0d30f2d555,a6074820-47e9-413f-ad2d-45226dbd48fd
f202c916-6ab1-4f20-b086-da0d30f2d555,4a8153dc-7907-49c3-936d-dfaf3d772e85
f202c916-6ab1-4f20-b086-da0d30f2d555,79eb8610-04ca-4be4-8505-96bba09f48f5
f202c916-6ab1-4f20-b086-da0d30f2d555,d5bb0a74-0687-4aeb-8b1c-1d44291b0649
f202c916-6ab1-4f20-b086-da0d30f2d555,1594b4bd-1090-4f57-b5a3-68530a2e199b
f202c916-6ab1-4f20-b086-da0d30f2d555,526435cc-aa74-4f2c-8800-99ba0e434401
f202c916-6ab1-4f20-b086-da0d30f2d555,92870ecf-cc6a-4231-b79e-77cca0e1fc59
f202c916-6ab1-4f20-b086-da0d30f2d555,0341cba6-9cd1-4ad9-9af8-ae0ce2c74f47
f202c916-6ab1-4f20-b086-da0d30f2d555,1f30701c-9eb6-48de-b86a-32543abc1f08
f202c916-6ab1-4f20-b086-da0d30f2d555,92246307-4930-433c-ac06-bfd960537bf9
f202c916-6ab1-4f20-b086-da0d30f2d555,9ef64960-4323-4fab-b00c-91f891c134dc
f202c916-6ab1-4f20-b086-da0d30f2d555,e477e8e0-4558-4807-bb48-d44e5295dab7
f202c916-6ab1-4f20-b086-da0d30f2d555,3f78e393-f941-4cab-bf69-268c79d9ebfb
f202c916-6ab1-4f20-b086-da0d30f2d555,1354b59a-38e5-47bb-9c9b-c076edaabd39
f202c916-6ab1-4f20-b086-da0d30f2d555,b0c05706-61a0-4af5-8777-a2d9d6853b75
f202c916-6ab1-4f20-b086-da0d30f2d555,c2159808-bab8-4e38-a81d-a1e437556283
f202c916-6ab1-4f20-b086-da0d30f2d555,d895db26-649d-450a-9a9a-ee23e6c0ac06
f202c916-6ab1-4f20-b086-da0d30f2d555,b4ed6518-37cd-4043-b399-f860421ef543
f202c916-6ab1-4f20-b086-da0d30f2d555,531f8055-6afd-457c-9130-1ca23f3b411a
f202c916-6ab1-4f20-b086-da0d30f2d555,56f893f2-a776-4cb2-8fb6-dce2e6a6ac5f
f202c916-6ab1-4f20-b086-da0d30f2d555,664a54a0-39b4-4d11-a302-652957c41577
f202c916-6ab1-4f20-b086-da0d30f2d555,0341a956-292d-4b08-b16c-ca879b08a259
f202c916-6ab1-4f20-b086-da0d30f2d555,b7b31a41-a7ff-4f79-8b83-856033cbc85c
f202c916-6ab1-4f20-b086-da0d30f2d555,2ac01417-a27b-4af6-8f14-3aeaaf6e36de
f202c916-6ab1-4f20-b086-da0d30f2d555,37908d92-cf9e-4fa3-a488-76f95267a564
f202c916-6ab1-4f20-b086-da0d30f2d555,fc230844-bf51-4229-8cae-5624ef5ee291
f202c916-6ab1-4f20-b086-da0d30f2d555,0169d7bf-2424-492d-8e15-55f82b704fc4
f202c916-6ab1-4f20-b086-da0d30f2d555,20dd6532-884b-4a82-9eb1-80980a1655e0
f202c916-6ab1-4f20-b086-da0d30f2d555,17cbd6d3-17fd-4dfb-907e-30bd32c5f7a8
f202c916-6ab1-4f20-b086-da0d30f2d555,f7a39f77-1970-49de-afa2-64019955122f
f202c916-6ab1-4f20-b086-da0d30f2d555,f9a7f137-1fc6-4493-93d1-2b46f6c3ba2e
f202c916-6ab1-4f20-b086-da0d30f2d555,6875f481-314e-4e28-8995-48fdba8432c0
f202c916-6ab1-4f20-b086-da0d30f2d555,d723fdd3-4767-4764-828b-57446fda2137
f202c916-6ab1-4f20-b086-da0d30f2d555,ebea5134-638c-448b-9d2c-325c5d35b4a8
f202c916-6ab1-4f20-b086-da0d30f2d555,a6c09f3d-ab31-4a69-92cf-21080d631fae
f202c916-6ab1-4f20-b086-da0d30f2d555,ce087607-ba6c-46a0-b376-0147d437cf8a
f202c916-6ab1-4f20-b086-da0d30f2d555,b4cef038-f698-465f-a0db-9c1a3bdcb117
f202c916-6ab1-4f20-b086-da0d30f2d555,0bdb7036-f01d-4fd1-a940-6ae57a745691
f202c916-6ab1-4f20-b086-da0d30f2d555,e1f5ab4a-437b-419b-9cac-b67409748c1c
f202c916-6ab1-4f20-b086-da0d30f2d555,75e519f7-4e2c-4d3d-8747-758d07ef5f64
f202c916-6ab1-4f20-b086-da0d30f2d555,df5ed087-a3f8-40a9-9d40-87b44ce22bfd
f202c916-6ab1-4f20-b086-da0d30f2d555,bd0ded24-4296-41a1-89b6-9bb032c68ec5
f202c916-6ab1-4f20-b086-da0d30f2d555,d0eb624e-a9fb-4a1a-8391-b5a486ac8283
f202c916-6ab1-4f20-b086-da0d30f2d555,737fdf82-d74f-444a-97f3-a25e957f9317
f202c916-6ab1-4f20-b086-da0d30f2d555,b7c1811f-f716-4fe4-819a-485b83b496ba
f202c916-6ab1-4f20-b086-da0d30f2d555,36328e08-7f35-40a7-8aa2-a211c4737dcc
f202c916-6ab1-4f20-b086-da0d30f2d555,6cea5fbf-9e11-4ea4-8e36-d65c64cf1753
f202c916-6ab1-4f20-b086-da0d30f2d555,6b164550-2a0b-4baf-880c-df81a0ace824
f202c916-6ab1-4f20-b086-da0d30f2d555,b36dd5f1-8793-4624-a006-59e1f73c5a3c
f202c916-6ab1-4f20-b086-da0d30f2d555,f1c8faad-da33-4ca5-82e8-5e5e394a7f71
f202c916-6ab1-4f20-b086-da0d30f2d555,cb34286f-6f6a-4c25-b275-6b1233ccfc82
f202c916-6ab1-4f20-b086-da0d30f2d555,c0aa1633-d4c2-4f61-a679-477d1ebcb2bc
f202c916-6ab1-4f20-b086-da0d30f2d555,73a0b9b4-e893-418f-9c8f-9ffc50f007c9
f202c916-6ab1-4f20-b086-da0d30f2d555,87863691-31aa-4db0-aa77-0a2a967c0656
